TYPE,PRICE,BEDS,BATH,PROPERTYSQFT,LATITUDE,LONGITUDE
Condo for sale,315000,2,2,1400,40.761255,-73.974483
House for sale,260000,4,2,2015,40.541805,-74.196109
House for sale,690000,5,2,4004,40.674363,-73.958725
Co-op for sale,265000,1,1,750,40.821586,-73.874089
Co-op for sale,440000,2,1,978,40.615738,-73.969694
Co-op for sale,375000,2,1,850,40.82487,-73.922983
Townhouse for sale,689000,3,2,1162,40.624996,-74.155306
Condo for sale,549000,2,2,1000,40.540621,-74.167163
Townhouse for sale,975000,3,2,1734,40.760768,-73.905667
Co-op for sale,199000,3,1,325,40.618103,-74.036905
Co-op for sale,350000,1,1,700,40.90737,-73.906558
Condo for sale,599000,2,2,974,40.732471,-73.86708
House for sale,639999,3,2,1260,40.62074,-74.111436
Condo for sale,349900,1,1,651,40.590206,-74.095803
House for sale,750000,2,2,1330,40.503979,-74.239656
Multi-family home for sale,925000,5,2,2750,40.824239,-73.817381
Condo for sale,329000,1,2,794,40.62104,-74.150431
Multi-family home for sale,848000,5,4,2080,40.661548,-73.898309
Co-op for sale,279000,1,1,750,40.617917,-73.954631
Condo for sale,528000,1,1,602,40.62759,-74.00162
Multi-family home for sale,700000,6,2,3053,40.852813,-73.917687
Multi-family home for sale,699000,4,3,1591,40.68475,-73.802733
Condo for sale,329000,2,1,837,40.631535,-74.085634
Multi-family home for sale,889000,2,2,1520,40.623319,-74.125992
Co-op for sale,220500,2,1,900,40.648149,-74.084798
House for sale,998800,3,4,2400,40.6175,-74.103996
House for sale,998800,3,4,2400,40.618648,-74.101909
Co-op for sale,559500,1,1,800,40.575194,-73.966998
Co-op for sale,750000,1,1,835,40.764371,-73.959358
Condo for sale,655000,3,2,803,40.696727,-73.907404
Multi-family home for sale,798000,3,4,2150,40.587484,-74.070106
House for sale,585000,3,2,1100,40.578426,-74.105437
House for sale,595000,3,1,1316,40.623915,-73.929123
Condo for sale,215000,1,1,625,40.726773,-74.002538
House for sale,314000,3,1,1572,40.636237,-73.939679
Condo for sale,395000,5,1,1000,40.77004,-73.963887
Multi-family home for sale,790000,6,3,2520,40.610586,-74.126818
Co-op for sale,539000,2,2,1100,40.617073,-74.038384
House for sale,400000,7,3,2385,40.896915,-73.865498
Co-op for sale,280000,1,1,1000,40.624177,-74.021684
House for sale,899000,3,2,1440,40.5159,-74.231483
Condo for sale,325000,2,1,979,40.789751,-73.948726
House for sale,694000,3,3,1360,40.542313,-74.155567
House for sale,688888,4,2,2846,40.872618,-73.865177
House for sale,400000,4,2,1980,40.665357,-73.877087
House for sale,400000,4,2,1980,40.665357,-73.877087
House for sale,319000,3,2,1224,40.56047,-74.101893
House for sale,650000,3,2,1522,40.723245,-73.729329
House for sale,799000,4,2,1975,40.538781,-74.193378
Co-op for sale,259000,3,2,1089,40.824637,-73.807206
Condo for sale,189000,2,2,966,40.61096,-74.060351
Condo for sale,759000,3,2,1200,40.788176,-73.787705
Condo for sale,499000,1,1,630,40.770232,-73.961016
Co-op for sale,69900,2,1,700,40.822499,-73.811157
Condo for sale,649000,3,2,1182,40.730294,-73.805925
House for sale,499000,5,2,1760,40.866386,-73.887895
Townhouse for sale,650000,3,2,1638,40.84545,-73.820977
Condo for sale,500000,4,3,1794,40.790571,-73.975339
House for sale,350000,2,1,490,40.573127,-74.089182
Co-op for sale,90000,1,1,450,40.842371,-73.923444
House for sale,650000,4,2,2244,40.696871,-73.73904
House for sale,729900,3,2,1150,40.530213,-74.198191
Co-op for sale,449000,2,2,1549,40.757799,-73.715956
House for sale,675000,3,2,2400,40.610206,-73.91065
House for sale,879000,4,2,1238,40.527325,-74.198328
House for sale,998000,4,4,2000,40.515251,-74.235145
House for sale,955000,4,4,2100,40.551184,-74.184065
House for sale,880000,3,2,1743,40.766831,-73.791118
Condo for sale,198000,1,1,750,40.71276,-73.83433
House for sale,549000,5,3,496,40.86797,-73.836565
House for sale,888000,4,2,2686,40.813078,-73.806336
House for sale,689000,3,2,1248,40.613776,-74.160031
House for sale,649999,3,2,1440,40.580333,-74.088517
House for sale,669000,3,2,864,40.599352,-74.095388
House for sale,800000,3,2,825,40.622273,-73.924094
House for sale,390000,2,1,586,40.574103,-74.093167
Condo for sale,725000,2,2,792,40.689816,-73.906247
Co-op for sale,459000,3,2,1250,40.586648,-73.984516
House for sale,689999,3,2,1008,40.621814,-74.140626
Co-op for sale,425000,3,2,1405,40.738185,-73.858125
Co-op for sale,425000,3,2,1405,40.738185,-73.858125
House for sale,519000,3,2,1480,40.593938,-74.184315
Co-op for sale,498000,2,1,975,40.635116,-74.031161
Co-op for sale,385000,1,2,900,40.78393,-73.77643
Multi-family home for sale,999000,6,2,3144,40.845107,-73.860158
House for sale,829888,4,2,1800,40.521278,-74.223035
Townhouse for sale,699998,3,2,1548,40.595314,-74.162829
House for sale,999000,6,2,1280,40.880817,-73.835083
Co-op for sale,265000,1,1,700,40.78245,-73.77651
Co-op for sale,288000,1,1,845,40.589483,-73.939537
Co-op for sale,999995,3,2,1750,40.76405,-73.964336
Co-op for sale,925000,1,1,1000,40.769943,-73.958356
Condo for sale,839000,3,2,1376,40.590545,-73.99104
Co-op for sale,329000,1,1,820,40.71574,-73.83672
Multi-family home for sale,899000,6,3,3683,40.879614,-73.856153
Condo for sale,800000,2,2,1257,40.791779,-73.94062
Condo for sale,430000,2,2,1248,40.612387,-74.151129
Co-op for sale,439500,3,2,1400,40.704788,-73.834455
Condo for sale,200000,1,1,613,40.840459,-73.854205
Co-op for sale,69000,1,1,850,40.836662,-73.923959
Co-op for sale,230000,1,1,620,40.802842,-73.967023
Co-op for sale,220000,1,1,590,40.713014,-73.823038
Co-op for sale,475000,1,1,615,40.777998,-73.944534
Condo for sale,320000,2,2,936,40.823686,-73.861131
Co-op for sale,295000,2,1,700,40.619639,-73.970731
Condo for sale,285000,2,1,1000,40.836227,-73.861235
Co-op for sale,328000,1,1,800,40.743059,-73.880983
Multi-family home for sale,650000,6,2,2310,40.824436,-73.863374
Co-op for sale,849000,2,1,800,40.66626,-73.987014
Co-op for sale,560000,3,1,550,40.777244,-73.986874
Co-op for sale,849000,2,1,800,40.66626,-73.987014
Co-op for sale,418888,2,1,900,40.633912,-74.005843
Multi-family home for sale,899000,8,2,2160,40.872808,-73.846949
Multi-family home for sale,979000,8,3,2860,40.659713,-73.919598
Condo for sale,875000,3,2,1437,40.853953,-73.934568
Multi-family home for sale,815156,4,4,2945,40.640266,-74.110402
Multi-family home for sale,669000,5,2,1893,40.596715,-73.769642
Multi-family home for sale,599000,4,3,1176,40.638069,-74.162775
House for sale,799000,5,3,1800,40.633613,-73.927604
Multi-family home for sale,860000,5,3,2324,40.576894,-74.004879
House for sale,765000,3,4,2205,40.611142,-74.090536
Co-op for sale,259000,1,1,750,40.64912,-73.944066
Condo for sale,850000,2,2,1005,40.856444,-73.937762
Co-op for sale,535000,1,1,750,40.645301,-73.972305
Multi-family home for sale,849998,4,2,2342,40.548777,-74.162925
Multi-family home for sale,998000,5,3,1574,40.719086,-73.906091
Multi-family home for sale,875000,6,3,2860,40.892096,-73.848736
Multi-family home for sale,850000,5,2,1908,40.897927,-73.846306
Co-op for sale,339000,3,1,250,40.748888,-73.972395
Multi-family home for sale,875000,7,5,2680,40.82701,-73.876629
Multi-family home for sale,799000,7,2,2296,40.833393,-73.872791
Multi-family home for sale,799000,7,2,2296,40.833393,-73.872791
House for sale,285000,2,1,1380,40.712833,-73.743578
Townhouse for sale,795000,4,2,1440,40.876739,-73.911189
House for sale,250000,3,2,1224,40.650553,-73.831674
House for sale,699900,3,2,1470,40.615395,-74.161086
Co-op for sale,459000,2,1,950,40.760794,-73.825877
Condo for sale,559000,1,1,679,40.794574,-73.943421
House for sale,749000,4,1,1040,40.616535,-74.150719
Co-op for sale,400000,2,2,1150,40.813143,-73.808397
Condo for sale,289000,1,1,666,40.654162,-73.884678
Condo for sale,699000,1,1,616,40.682648,-73.943492
Co-op for sale,105000,3,1,656,40.85607,-73.868875
House for sale,300000,3,1,952,40.616292,-73.929914
Multi-family home for sale,799000,5,3,2400,40.818184,-73.812739
Co-op for sale,202000,2,1,1453,40.780281,-73.781891
Co-op for sale,599000,3,1,1200,40.627935,-74.026015
Condo for sale,235000,2,1,860,40.619277,-74.09515
Co-op for sale,319000,3,1,960,40.759859,-73.729009
House for sale,774888,3,2,960,40.552558,-74.170901
Co-op for sale,105509,1,1,650,40.879078,-73.91752
House for sale,769000,4,2,1728,40.815203,-73.815497
Co-op for sale,395995,2,1,1100,40.904882,-73.905111
House for sale,499999,2,1,1744,40.854943,-73.79083
Co-op for sale,149000,3,1,400,40.72762,-73.984891
House for sale,675000,3,1,1404,40.633351,-74.102133
Townhouse for sale,559900,3,2,980,40.513234,-74.195975
Co-op for sale,235000,3,2,1400,40.71423,-73.8152
House for sale,215000,4,2,2000,40.669498,-73.889753
Co-op for sale,215000,2,2,747,40.823327,-73.811012
House for sale,275000,2,1,1104,40.840982,-73.829294
Multi-family home for sale,898000,6,3,2100,40.558697,-74.1351
Co-op for sale,275000,2,1,900,40.855476,-73.828719
House for sale,599000,4,2,1682,40.674734,-73.823975
Condo for sale,189000,1,1,730,40.61096,-74.060351
Multi-family home for sale,678990,3,3,1575,40.601232,-74.130018
House for sale,800000,3,2,1824,40.608799,-73.912817
Condo for sale,549000,3,2,1092,40.622111,-74.149998
House for sale,849000,3,2,2000,40.552849,-74.169938
House for sale,130000,3,2,664,40.633067,-74.165948
Multi-family home for sale,799900,5,2,1750,40.595626,-73.933927
Co-op for sale,159000,2,1,1010,40.876205,-73.860362
House for sale,999500,3,2,1144,40.784332,-73.804571
Condo for sale,329000,2,1,850,40.631614,-74.085895
House for sale,799000,3,2,1881,40.640289,-73.946349
House for sale,729000,3,2,1400,40.846624,-73.852091
House for sale,599000,4,2,1500,40.897247,-73.868898
Condo for sale,965000,3,1,540,40.690385,-73.982534
Co-op for sale,49500,3,2,800,40.843284,-73.784603
House for sale,460000,3,3,2256,40.641648,-73.906457
House for sale,799999,3,2,1344,40.609915,-73.928714
Condo for sale,749000,2,2,1300,40.787492,-73.785809
House for sale,265000,2,1,660,40.584922,-74.096878
House for sale,575000,2,1,900,40.580913,-73.830201
Multi-family home for sale,849000,4,2,2180,40.852813,-73.831224
House for sale,875000,2,2,1214,40.756547,-73.733972
House for sale,599999,3,2,1360,40.613911,-74.133028
House for sale,250000,3,1,1376,40.621217,-73.932434
House for sale,950000,3,2,1748,40.718899,-73.858799
Condo for sale,399000,3,1,500,40.837491,-73.945604
Co-op for sale,209000,1,1,1078,40.891596,-73.898983
Co-op for sale,280000,3,2,1100,40.840974,-73.845625
Multi-family home for sale,924800,4,3,2049,40.507545,-74.246109
Multi-family home for sale,995000,5,2,2288,40.55014,-74.181038
Townhouse for sale,695000,3,2,1793,40.576391,-74.163138
Townhouse for sale,695000,3,2,1793,40.576391,-74.163138
Multi-family home for sale,998000,5,3,1738,40.689803,-73.836542
Multi-family home for sale,899000,7,3,1980,40.627518,-74.123377
House for sale,520000,4,2,1701,40.678142,-73.925058
Co-op for sale,215000,3,1,1100,40.622324,-73.969507
Co-op for sale,270000,2,2,900,40.756279,-73.875805
Co-op for sale,375000,2,2,1200,40.887653,-73.909649
House for sale,699000,3,2,2350,40.609586,-73.925316
House for sale,739000,3,1,1148,40.738682,-73.720272
Multi-family home for sale,425000,3,2,1700,40.881794,-73.861777
Co-op for sale,300000,2,1,900,40.647939,-74.08527
House for sale,569000,3,3,1780,40.814782,-73.826525
House for sale,789000,5,3,1273,40.70845,-73.731627
Co-op for sale,350000,2,1,825,40.711175,-73.957086
House for sale,924900,3,2,1404,40.609435,-73.977734
Multi-family home for sale,925000,4,2,2160,40.86166,-73.842102
Condo for sale,699000,2,2,833,40.787339,-73.779469
House for sale,900000,4,4,2700,40.61103,-73.819506
Co-op for sale,369000,1,1,1470,40.575636,-73.84232
House for sale,609000,3,2,1620,40.816584,-73.8007
Condo for sale,758000,3,2,1278,40.792882,-73.844921
Condo for sale,728000,3,2,1890,40.55065,-74.193355
House for sale,314900,3,3,1200,40.674494,-73.888376
Condo for sale,434900,3,2,1286,40.608576,-74.161039
Co-op for sale,375000,2,2,1350,40.893847,-73.909137
Co-op for sale,549000,2,2,1200,40.724514,-73.845844
House for sale,549000,3,1,1400,40.636854,-74.112457
House for sale,950000,3,2,1520,40.715727,-73.856345
House for sale,399000,3,2,1350,40.679832,-73.82277
Multi-family home for sale,898888,5,2,1550,40.728238,-73.715812
Multi-family home for sale,869999,5,3,2080,40.600553,-74.131451
Co-op for sale,219000,3,1,1050,40.598891,-73.933468
House for sale,210000,3,2,1840,40.664748,-73.884184
Co-op for sale,298000,3,2,1100,40.836324,-73.865476
House for sale,650000,4,1,1152,40.566306,-74.152955
House for sale,700000,3,2,1620,40.884402,-73.902834
Condo for sale,379000,1,2,704,40.845063,-73.783581
Co-op for sale,568888,3,2,1100,40.732222,-73.858885
Condo for sale,799999,3,2,1200,40.785914,-73.786878
House for sale,669999,4,2,1196,40.559812,-74.158517
House for sale,548800,3,4,1440,40.640946,-74.085993
House for sale,950000,4,2,2200,40.679541,-73.890443
Co-op for sale,185000,2,1,600,40.833945,-73.943236
House for sale,950000,4,2,2200,40.679541,-73.890443
House for sale,899000,3,4,2208,40.595555,-74.167794
House for sale,899000,2,1,1130,40.760419,-73.996809
Co-op for sale,120000,2,1,600,40.868366,-73.883209
Co-op for sale,229000,2,1,950,40.899519,-73.862368
Multi-family home for sale,800000,6,3,2202,40.890981,-73.852818
Co-op for sale,239000,2,1,798,40.665,-73.84857
House for sale,674999,3,2,1440,40.539413,-74.222839
Condo for sale,880000,4,4,2400,40.793455,-73.847162
Co-op for sale,175849,2,1,850,40.879078,-73.91752
Multi-family home for sale,499000,3,2,1445,40.636532,-74.121862
Multi-family home for sale,899975,6,3,1952,40.890635,-73.853094
House for sale,989000,4,4,2400,40.565755,-74.105116
Co-op for sale,750000,3,2,1750,40.836896,-73.946503
Multi-family home for sale,865000,6,3,2464,40.829724,-73.826341
Co-op for sale,220000,2,1,850,40.904935,-73.90609
House for sale,499000,2,2,1350,40.897843,-73.863361
Multi-family home for sale,999999,4,3,1980,40.620076,-74.030611
Co-op for sale,250000,2,1,950,40.587572,-73.971282
Condo for sale,109500,3,1,550,40.620265,-74.109911
Co-op for sale,299000,3,1,640,40.757832,-73.962456
House for sale,995000,3,2,1987,40.629368,-74.087037
Co-op for sale,279000,3,1,550,40.87127,-73.917853
Townhouse for sale,950000,5,3,2288,40.662625,-73.868021
House for sale,859000,2,2,950,40.774652,-73.81583
Condo for sale,478900,1,1,554,40.725976,-73.85998
Multi-family home for sale,560000,5,2,2624,40.63661,-74.077825
Multi-family home for sale,868000,3,4,2024,40.596366,-74.099747
Co-op for sale,149000,1,1,375,40.821309,-73.939998
House for sale,594900,4,2,1355,40.682481,-73.727949
House for sale,685000,4,2,2625,40.694631,-73.754049
Condo for sale,355000,1,1,514,40.666035,-73.961242
Co-op for sale,489000,2,2,1549,40.757799,-73.715956
Condo for sale,200000,2,3,1260,40.761398,-73.974613
Townhouse for sale,575000,4,2,1330,40.668351,-73.875732
House for sale,588888,4,2,1640,40.598626,-74.181772
Co-op for sale,315000,1,1,850,40.75208,-73.88188
House for sale,825000,4,2,2230,40.553279,-74.164984
House for sale,690000,3,2,1325,40.617348,-73.913145
Condo for sale,699000,2,2,1766,40.577131,-73.844316
Co-op for sale,119000,1,1,650,40.852238,-73.865579
Co-op for sale,309900,2,1,900,40.890176,-73.914626
Condo for sale,435000,3,2,1034,40.869061,-73.835715
Co-op for sale,325000,3,1,622,40.819215,-73.954466
Multi-family home for sale,899000,5,3,1480,40.725327,-73.89009
House for sale,850000,6,3,2280,40.668132,-73.994847
House for sale,495000,2,2,953,40.623374,-74.15995
Co-op for sale,825000,2,1,800,40.660279,-73.978949
Condo for sale,578000,2,2,900,40.726529,-73.893304
Condo for sale,629000,3,2,1360,40.606302,-74.015759
Condo for sale,329900,2,2,993,40.668979,-73.847655
House for sale,899000,5,2,2184,40.565557,-74.132919
House for sale,545000,6,3,1344,40.580425,-74.111046
Co-op for sale,307000,2,1,960,40.880256,-73.916834
Condo for sale,595000,1,1,750,40.726984,-73.976937
Townhouse for sale,650000,3,2,1912,40.869713,-73.856514
Multi-family home for sale,949999,5,3,1740,40.677823,-73.835028
Multi-family home for sale,879000,4,2,1998,40.852728,-73.833506
House for sale,850000,6,4,2886,40.608563,-73.768677
Co-op for sale,675000,2,2,1200,40.616867,-74.038093
House for sale,199000,2,1,900,40.628176,-74.179723
House for sale,395000,3,1,430,40.706832,-74.00838
Multi-family home for sale,999999,5,2,2754,40.550934,-74.174525
Condo for sale,374900,1,1,782,40.877877,-73.918877
Multi-family home for sale,999000,7,3,3036,40.821466,-73.913205
Co-op for sale,225000,2,1,789,40.618948,-74.107158
House for sale,799500,2,2,2250,40.501789,-74.239323
Co-op for sale,385000,2,1,800,40.786541,-73.801883
House for sale,699000,3,2,1500,40.678531,-73.813081
Condo for sale,649000,3,2,1400,40.589503,-73.957925
Townhouse for sale,529000,3,1,1618,40.578132,-74.160345
Co-op for sale,325000,2,1,750,40.78987,-73.948334
House for sale,999000,3,1,1392,40.612397,-73.942216
House for sale,160000,3,2,1064,40.684506,-73.79503
Condo for sale,615000,3,2,1165,40.575536,-73.973591
Co-op for sale,249000,2,1,800,40.822488,-73.81098
Multi-family home for sale,850000,4,2,2375,40.538217,-74.223518
House for sale,588000,3,2,1140,40.627807,-74.11527
Co-op for sale,249000,1,1,850,40.878977,-73.916004
Multi-family home for sale,999000,4,3,2270,40.861481,-73.851394
Co-op for sale,228500,1,1,750,40.71151,-73.82872
Multi-family home for sale,778000,4,3,2185,40.630844,-74.120406
House for sale,850000,3,2,1320,40.790705,-73.811097
House for sale,502900,4,2,1440,40.695866,-73.745005
Multi-family home for sale,749000,4,2,1420,40.854772,-73.858332
Multi-family home for sale,529000,5,2,2248,40.595204,-73.763437
Co-op for sale,335000,2,1,745,40.75179,-73.88467
Townhouse for sale,334999,1,2,1059,40.560143,-74.185436
Co-op for sale,335000,2,1,745,40.75179,-73.88467
Townhouse for sale,334999,1,2,1059,40.560143,-74.185436
House for sale,799000,3,2,2279,40.6132,-73.901971
Condo for sale,720000,3,2,1046,40.687375,-73.926406
House for sale,650000,2,2,896,40.745236,-73.720455
Condo for sale,499999,3,1,701,40.592532,-73.957405
House for sale,988000,4,2,2400,40.594519,-74.090478
House for sale,764600,4,2,1884,40.549616,-74.139108
House for sale,499900,3,2,1232,40.55274,-74.199555
House for sale,499900,3,2,1232,40.55274,-74.199555
Multi-family home for sale,989000,4,2,1827,40.592738,-73.953685
Multi-family home for sale,890000,5,2,2144,40.59602,-74.06735
Condo for sale,469888,2,2,1164,40.848071,-73.786181
Co-op for sale,659000,3,2,1300,40.822443,-73.810961
House for sale,725000,3,2,1476,40.558228,-74.117355
Co-op for sale,629000,2,2,1600,40.756476,-73.721201
House for sale,285000,3,1,1428,40.638474,-74.171463
Condo for sale,698000,2,2,824,40.761665,-73.826414
House for sale,465000,2,2,988,40.828518,-73.81552
Multi-family home for sale,699000,3,2,2034,40.866509,-73.857401
House for sale,799000,3,2,864,40.559309,-74.126496
House for sale,575000,5,3,2076,40.8965,-73.858541
Condo for sale,495000,2,1,766,40.852597,-73.935291
Co-op for sale,605000,3,2,1500,40.881882,-73.921791
House for sale,768000,3,2,1065,40.769338,-73.785432
Co-op for sale,575000,3,2,1480,40.588606,-73.939403
House for sale,639000,3,2,1224,40.832149,-73.826594
House for sale,850000,3,2,2160,40.593105,-74.066349
Multi-family home for sale,674999,5,2,2600,40.831556,-73.887227
Multi-family home for sale,788888,5,2,3443,40.625517,-73.920518
Co-op for sale,379000,2,2,1160,40.632062,-73.945259
Co-op for sale,250000,1,1,900,40.880985,-73.910233
Multi-family home for sale,799000,4,3,1344,40.639809,-73.910938
Multi-family home for sale,963000,4,4,2400,40.516861,-74.237535
Co-op for sale,950000,2,1,1000,40.775921,-73.986103
Co-op for sale,269000,1,1,900,40.71257,-73.79318
Co-op for sale,550000,2,1,1069,40.719237,-73.846265
House for sale,690000,3,2,1284,40.588482,-74.073534
Co-op for sale,619000,2,2,1200,40.576887,-73.954213
House for sale,899000,3,1,1050,40.614149,-74.164342
Co-op for sale,499000,2,1,686,40.761555,-73.992369
House for sale,799999,3,3,1444,40.711099,-73.741186
House for sale,529000,3,2,1650,40.80614,-73.857994
Co-op for sale,300000,3,1,1200,40.586269,-73.940712
House for sale,799000,5,4,1802,40.595749,-73.98622
Multi-family home for sale,869000,6,3,1526,40.850525,-73.856443
House for sale,749000,3,2,1480,40.853446,-73.848465
Co-op for sale,240900,2,1,875,40.879741,-73.920419
House for sale,549000,5,2,1716,40.572173,-74.097279
Co-op for sale,129000,1,1,750,40.899519,-73.862368
House for sale,475000,3,2,900,40.615882,-74.082219
Multi-family home for sale,980000,4,3,1408,40.611841,-73.92961
Co-op for sale,265000,2,1,1100,40.606809,-73.959033
House for sale,989000,6,4,2720,40.511945,-74.247072
Multi-family home for sale,899999,5,3,1800,40.901619,-73.89994
Co-op for sale,999000,2,1,1050,40.792112,-73.973177
Condo for sale,60000,3,1,445,40.761398,-73.974613
House for sale,499999,4,2,1248,40.628946,-74.138849
House for sale,599999,3,2,1272,40.611185,-74.075324
House for sale,725000,4,2,2000,40.619952,-74.12379
House for sale,998888,3,2,1780,40.611755,-74.032328
Multi-family home for sale,980000,3,4,2700,40.586018,-73.925213
House for sale,799000,3,2,1128,40.616921,-73.941527
House for sale,995000,3,2,3080,40.851385,-73.854324
Multi-family home for sale,749999,6,3,3150,40.845396,-73.868163
Condo for sale,479000,2,2,1008,40.578288,-74.158301
Co-op for sale,450000,3,2,1026,40.73235,-73.861165
Multi-family home for sale,639888,5,3,1376,40.556402,-74.197529
House for sale,569900,4,2,2180,40.639558,-74.080762
Multi-family home for sale,689888,3,2,1300,40.678081,-73.818897
House for sale,589000,4,3,1320,40.63567,-74.166895
House for sale,299000,1,1,608,40.563836,-74.098979
House for sale,879000,2,1,1000,40.761537,-73.957979
Co-op for sale,430000,2,2,1200,40.883066,-73.920643
House for sale,999000,3,2,1900,40.622804,-74.010968
Condo for sale,600000,3,1,441,40.769109,-73.98162
Co-op for sale,329000,1,1,750,40.61593,-74.033583
Condo for sale,275000,1,1,850,40.605627,-73.943238
Condo for sale,568000,2,1,550,40.614121,-73.996662
Condo for sale,568000,2,1,550,40.614121,-73.996662
House for sale,899000,4,2,1200,40.779161,-73.825756
House for sale,535000,3,3,1328,40.835507,-73.911997
House for sale,799999,3,2,1596,40.54196,-74.168287
House for sale,699000,6,4,2223,40.818678,-73.895472
Co-op for sale,369000,1,1,900,40.876398,-73.918469
House for sale,599000,4,4,2100,40.608364,-73.756542
Co-op for sale,169000,1,1,680,40.615019,-73.946493
House for sale,749000,3,2,1600,40.854491,-73.849039
Townhouse for sale,475000,2,2,1364,40.563489,-74.142266
Co-op for sale,124900,1,1,676,40.880833,-73.87586
Condo for sale,249000,2,1,815,40.840962,-73.854142
Townhouse for sale,549000,3,2,1150,40.503204,-74.238852
House for sale,479000,4,2,1800,40.671482,-73.760679
Townhouse for sale,588000,4,3,2160,40.867894,-73.907853
House for sale,479000,4,2,1800,40.671482,-73.760679
Co-op for sale,439000,1,1,950,40.638118,-74.073964
House for sale,758000,3,2,1760,40.708633,-73.865415
Townhouse for sale,588000,4,3,2160,40.867894,-73.907853
Co-op for sale,385000,1,1,900,40.876794,-73.917703
Co-op for sale,349000,2,1,900,40.880256,-73.916834
Townhouse for sale,790000,3,2,1596,40.776195,-73.847767
Condo for sale,750000,2,2,995,40.778411,-73.781048
House for sale,874999,3,2,2868,40.57718,-74.119431
Co-op for sale,324900,1,1,900,40.871644,-73.917848
Co-op for sale,97500,2,1,791,40.827904,-73.881623
House for sale,550000,2,2,995,40.820969,-73.807421
Co-op for sale,519999,3,2,1100,40.755114,-73.875263
House for sale,729000,2,1,1100,40.534321,-74.199842
Co-op for sale,299999,2,1,857,40.822777,-73.808478
House for sale,748888,2,2,1260,40.613109,-74.160375
House for sale,630000,2,2,1450,40.560421,-74.134464
Co-op for sale,319000,2,1,925,40.735584,-73.84912
House for sale,780000,3,2,1320,40.638434,-73.889983
Co-op for sale,255000,1,1,750,40.579232,-73.971325
Condo for sale,649000,2,2,905,40.585513,-73.988398
House for sale,628000,3,2,1824,40.575597,-74.163627
Co-op for sale,190000,2,1,875,40.876608,-73.89985
House for sale,699900,3,2,1240,40.71397,-73.897057
Co-op for sale,149999,1,1,850,40.899214,-73.86241
Co-op for sale,208000,1,1,610,40.739804,-73.998037
House for sale,889000,3,2,2362,40.539577,-74.181076
Co-op for sale,310000,2,1,675,40.744405,-73.723766
Co-op for sale,239900,1,1,585,40.751666,-73.7183
Co-op for sale,257000,3,1,450,40.575628,-73.966783
Co-op for sale,340000,2,1,900,40.891948,-73.897369
House for sale,749000,3,1,1644,40.626704,-74.105208
Co-op for sale,775000,3,2,1880,40.763663,-73.965508
Co-op for sale,340000,2,1,900,40.891948,-73.897369
Co-op for sale,699000,1,1,600,40.779461,-73.979919
Multi-family home for sale,729000,3,3,1800,40.639121,-73.911236
Condo for sale,425000,2,2,800,40.884892,-73.911044
Co-op for sale,625000,3,1,652,40.702334,-73.993746
Co-op for sale,269000,1,1,700,40.731896,-73.859965
Condo for sale,449000,2,2,1440,40.580134,-74.154154
Multi-family home for sale,699000,8,5,2300,40.846091,-73.888791
Co-op for sale,550000,3,2,1250,40.807196,-73.941821
Townhouse for sale,799900,3,1,2058,40.51477,-74.202236
House for sale,758000,3,1,1200,40.590879,-73.986596
House for sale,829000,4,2,1680,40.65658,-73.851635
Condo for sale,789000,2,2,1230,40.577533,-73.958513
Co-op for sale,134500,3,1,503,40.878977,-73.916004
House for sale,270000,4,2,2000,40.855052,-73.88523
House for sale,270000,4,2,2000,40.855052,-73.88523
House for sale,529000,3,2,1150,40.635324,-74.133679
Multi-family home for sale,998000,6,3,1872,40.708637,-73.902607
Multi-family home for sale,889000,6,2,2280,40.836858,-73.844927
House for sale,825000,2,2,1820,40.616317,-73.998165
Multi-family home for sale,599999,6,2,3490,40.66493,-73.867072
House for sale,649000,3,2,1064,40.621503,-73.906637
Multi-family home for sale,989000,8,5,3960,40.880758,-73.841849
Condo for sale,357000,3,1,1100,40.838983,-73.860152
Multi-family home for sale,589999,4,2,1680,40.631489,-74.134846
House for sale,749000,3,2,1332,40.615577,-74.136452
Condo for sale,499000,3,2,1156,40.672672,-73.849675
House for sale,899000,3,2,1324,40.605524,-73.914316
Co-op for sale,315000,2,1,850,40.61425,-73.919697
House for sale,950000,4,3,1746,40.710755,-73.732087
Condo for sale,595000,3,1,660,40.705931,-74.009339
Co-op for sale,659000,1,1,440,40.686753,-73.996485
Condo for sale,319000,2,2,1102,40.806951,-73.853401
Multi-family home for sale,999000,9,3,3168,40.847464,-73.917761
Co-op for sale,398000,3,2,1571,40.71257,-73.79318
Co-op for sale,249000,3,1,500,40.871796,-73.916064
House for sale,750000,5,3,1500,40.669329,-73.792439
House for sale,689000,2,2,750,40.581721,-73.964561
House for sale,395000,2,2,1089,40.807051,-73.853819
Co-op for sale,719000,3,2,1440,40.721289,-73.84039
Multi-family home for sale,795000,3,4,1171,40.88098,-73.907445
Multi-family home for sale,850000,3,2,1600,40.57769,-74.007221
House for sale,929000,5,2,2200,40.559212,-74.126359
House for sale,879000,4,2,1630,40.728218,-73.803258
House for sale,649000,3,2,980,40.543422,-74.174846
House for sale,499999,2,1,800,40.594453,-74.188961
Multi-family home for sale,999998,4,4,2720,40.586268,-74.158517
Co-op for sale,258888,1,1,650,40.617279,-74.026753
Townhouse for sale,660000,3,2,1283,40.851494,-73.849223
Townhouse for sale,318888,2,2,1270,40.638459,-74.164663
Co-op for sale,385000,2,2,1100,40.88277,-73.914825
Co-op for sale,349000,1,1,1017,40.578169,-73.858671
House for sale,968000,3,2,1344,40.73094,-73.868381
Condo for sale,238000,1,1,650,40.61096,-74.060351
House for sale,911600,3,2,1596,40.768507,-73.824607
House for sale,598000,3,2,1144,40.87796,-73.901167
Condo for sale,472000,1,1,700,40.73531,-73.881251
Condo for sale,472000,1,1,700,40.73531,-73.881251
House for sale,598000,3,2,1144,40.87796,-73.901167
Multi-family home for sale,680000,3,2,1535,40.67137,-73.869277
Condo for sale,200000,1,2,637,40.838965,-73.861349
Co-op for sale,210000,2,1,1000,40.734848,-73.823251
Townhouse for sale,525000,2,2,996,40.546286,-74.195582
House for sale,519000,3,2,1200,40.651735,-73.830298
House for sale,728900,4,1,960,40.616316,-74.124833
Co-op for sale,299999,2,2,1300,40.78086,-73.7835
Co-op for sale,299999,2,2,1300,40.78086,-73.7835
Condo for sale,599000,2,2,1095,40.578426,-73.985367
House for sale,725000,3,2,2410,40.896555,-73.847673
House for sale,639000,2,2,862,40.617525,-73.925523
House for sale,950000,4,4,2060,40.788491,-73.851578
Co-op for sale,279000,3,1,1400,40.856354,-73.865974
House for sale,438000,2,2,1354,40.562804,-74.185383
Co-op for sale,100000,3,1,512,40.60429,-73.747829
Condo for sale,625000,2,2,995,40.778036,-73.780899
House for sale,350000,3,2,1520,40.675827,-73.882898
House for sale,599000,3,2,1208,40.689212,-73.863443
Co-op for sale,279900,1,1,900,40.830122,-73.920261
Co-op for sale,165000,1,1,875,40.899423,-73.870638
Condo for sale,625000,2,1,825,40.744346,-73.957101
Co-op for sale,279900,1,1,900,40.830122,-73.920261
Multi-family home for sale,580000,5,2,1780,40.587442,-73.967572
Condo for sale,979000,3,2,1272,40.629598,-74.027557
House for sale,499000,4,2,1752,40.871727,-73.905085
Co-op for sale,245000,2,1,900,40.6015,-73.93243
Co-op for sale,425000,3,1,450,40.746481,-74.001884
House for sale,799000,3,2,2340,40.588791,-74.14448
Multi-family home for sale,725000,4,2,1700,40.668194,-73.874905
Co-op for sale,99000,1,1,850,40.83645,-73.924271
House for sale,399000,3,2,1601,40.71155,-73.74643
Condo for sale,558000,1,1,751,40.619526,-74.031158
Co-op for sale,429000,2,2,1450,40.886861,-73.912973
Condo for sale,399900,2,2,853,40.580379,-74.157806
House for sale,499900,3,1,1040,40.628187,-74.160673
Co-op for sale,429000,2,2,1450,40.886861,-73.912973
Condo for sale,255500,1,1,950,40.60775,-74.074309
Multi-family home for sale,471300,4,2,2175,40.662939,-73.887815
Co-op for sale,220000,1,1,500,40.669945,-73.94294
Co-op for sale,295000,2,1,950,40.677845,-73.733501
Co-op for sale,399000,2,2,1050,40.577692,-73.973731
Co-op for sale,219999,2,1,800,40.883379,-73.907461
House for sale,639000,4,2,1856,40.577496,-74.1181
House for sale,499999,3,2,1763,40.617581,-74.085832
Co-op for sale,888000,3,2,1600,40.724514,-73.845844
Co-op for sale,150000,3,1,600,40.73645,-73.858483
Condo for sale,354900,2,1,673,40.634367,-74.031134
House for sale,969000,3,2,1776,40.716599,-73.883495
Condo for sale,530000,1,1,538,40.59546,-73.996842
House for sale,450000,3,2,1122,40.840831,-73.785668
Condo for sale,475000,2,1,1296,40.552776,-74.15393
Co-op for sale,125000,3,1,600,40.845596,-73.826422
House for sale,215000,3,2,1509,40.698227,-73.760587
Co-op for sale,279000,2,2,1050,40.898666,-73.873837
Condo for sale,785000,2,2,968,40.603915,-73.998085
House for sale,669000,3,2,1312,40.60138,-74.138096
Multi-family home for sale,530000,2,2,1672,40.626863,-74.147645
Co-op for sale,339000,1,1,1085,40.61712,-74.03852
House for sale,800000,3,2,1224,40.612559,-73.923043
Co-op for sale,189000,1,1,700,40.906568,-73.896805
House for sale,999999,2,2,1198,40.780343,-73.947266
Condo for sale,575000,3,2,877,40.701979,-73.894209
Co-op for sale,175000,1,1,800,40.874295,-73.883753
Co-op for sale,285000,1,1,750,40.619581,-73.970636
Multi-family home for sale,849000,5,3,2460,40.593943,-73.774836
House for sale,549000,3,2,1250,40.851533,-73.919786
Co-op for sale,729000,2,2,1700,40.757799,-73.715956
Multi-family home for sale,600000,4,2,1728,40.896179,-73.839487
House for sale,599000,3,1,1340,40.686098,-73.799886
Multi-family home for sale,599000,5,2,2268,40.683525,-73.914108
Condo for sale,725000,3,2,1185,40.617257,-73.961101
Multi-family home for sale,798888,3,2,1500,40.547493,-74.20985
House for sale,529000,3,1,1800,40.7213,-73.75444
Multi-family home for sale,999998,3,2,2400,40.511494,-74.238269
Co-op for sale,245000,3,1,260,40.748134,-73.970881
Condo for sale,455000,2,1,939,40.559953,-74.119826
Multi-family home for sale,999900,4,2,2024,40.610184,-74.009209
House for sale,395000,2,1,666,40.57245,-74.090972
Condo for sale,620000,1,1,430,40.77744,-73.97931
Condo for sale,849000,3,2,1241,40.604405,-73.975194
Condo for sale,495000,2,1,800,40.704552,-73.835612
House for sale,675000,3,2,1222,40.627717,-74.086027
Condo for sale,999000,3,1,600,40.771745,-73.990051
Condo for sale,429000,1,1,640,40.575536,-73.973591
Co-op for sale,174000,1,1,800,40.599708,-73.934497
House for sale,898000,5,4,2828,40.6816,-73.894853
Condo for sale,575000,2,2,1253,40.582487,-73.821344
Co-op for sale,170000,2,1,850,40.881392,-73.8757
House for sale,749000,3,2,1332,40.63339,-74.096983
Co-op for sale,209900,1,1,780,40.586901,-73.932949
Co-op for sale,199900,1,1,925,40.863113,-73.898323
House for sale,919000,3,2,1565,40.633595,-73.967817
Co-op for sale,289999,1,1,830,40.87999,-73.919862
Condo for sale,680000,2,2,1058,40.794226,-73.795068
Co-op for sale,899000,2,2,1300,40.620502,-74.039697
Co-op for sale,169000,1,1,850,40.71066,-73.79869
Co-op for sale,169000,1,1,850,40.71066,-73.79869
Townhouse for sale,499000,3,2,1400,40.633314,-74.145909
House for sale,649000,4,2,1120,40.569497,-74.123744
Co-op for sale,335000,1,1,756,40.627337,-74.026202
Multi-family home for sale,980000,4,4,3068,40.812913,-73.846184
House for sale,688000,3,2,1344,40.57734,-73.994329
Co-op for sale,375000,1,1,500,40.758122,-73.96707
Condo for sale,568000,2,2,1253,40.582804,-73.821081
Co-op for sale,349000,1,1,800,40.635825,-73.973308
Townhouse for sale,899000,3,2,1400,40.736806,-73.902615
House for sale,449999,4,3,1217,40.632902,-74.120945
Townhouse for sale,495000,3,2,1280,40.639648,-74.115199
House for sale,749000,4,3,2150,40.627811,-74.146957
House for sale,875000,4,3,2129,40.747464,-73.704456
Condo for sale,849000,2,1,720,40.761427,-73.982584
Co-op for sale,549000,3,1,1200,40.635832,-74.029137
Co-op for sale,445000,3,2,1250,40.587191,-73.984097
House for sale,399998,4,2,1252,40.617168,-74.083714
House for sale,650000,4,2,1482,40.650336,-73.944007
House for sale,880000,3,4,2100,40.551314,-74.167003
House for sale,880000,3,4,2100,40.551314,-74.167003
Co-op for sale,259000,2,1,950,40.82487,-73.922983
House for sale,897888,3,2,1260,40.72929,-73.894537
House for sale,575000,4,2,1604,40.674001,-73.874307
House for sale,575000,4,2,1604,40.674001,-73.874307
House for sale,897888,3,2,1260,40.72929,-73.894537
Condo for sale,378888,1,1,718,40.620478,-74.110926
Condo for sale,750000,3,2,1027,40.792925,-73.940414
House for sale,698888,3,2,1440,40.571472,-74.119397
Condo for sale,850000,1,1,626,40.73221,-73.953584
Co-op for sale,395000,1,1,550,40.786765,-73.975335
Co-op for sale,699000,2,1,800,40.789657,-73.967323
House for sale,689000,3,2,1484,40.631307,-74.135683
Condo for sale,799000,1,1,684,40.746232,-73.978689
House for sale,680000,3,2,2200,40.552927,-74.159159
House for sale,580000,6,3,2940,40.66097,-73.911193
Townhouse for sale,700000,4,2,2266,40.643029,-73.924857
House for sale,550000,3,2,1410,40.58823,-74.097579
Townhouse for sale,315000,3,2,1344,40.6364,-74.154146
Co-op for sale,249999,2,1,750,40.615233,-73.917694
House for sale,220000,3,2,1396,40.628358,-73.933973
House for sale,799999,5,4,2288,40.554682,-74.162553
Co-op for sale,311000,1,1,780,40.575628,-73.966783
Condo for sale,649000,3,2,804,40.703164,-73.928244
Co-op for sale,159000,1,1,800,40.869751,-73.905391
Co-op for sale,669000,3,2,1480,40.589483,-73.939537
Co-op for sale,305000,1,1,750,40.634727,-74.036817
Co-op for sale,339000,2,2,906,40.822472,-73.81106
Condo for sale,849500,2,2,975,40.79464,-73.943416
Condo for sale,699000,2,2,967,40.768446,-73.831389
Condo for sale,999000,2,2,1262,40.834716,-73.948152
House for sale,669900,3,2,1376,40.707756,-73.778789
Co-op for sale,299000,1,1,750,40.636031,-74.03653
House for sale,988000,5,2,3244,40.654888,-73.927542
Co-op for sale,279000,2,1,810,40.736568,-73.776389
House for sale,988000,3,3,1311,40.761543,-73.862145
Co-op for sale,735000,1,1,800,40.79382,-73.971341
House for sale,968000,4,2,2550,40.847587,-73.853875
Co-op for sale,320000,2,2,1200,40.845596,-73.826422
Co-op for sale,228888,1,1,900,40.709735,-73.818829
Co-op for sale,699000,2,1,1100,40.659976,-73.962298
House for sale,699000,3,2,1296,40.616513,-73.917238
Co-op for sale,538888,3,2,1500,40.780782,-73.774354
House for sale,574999,3,2,1040,40.619479,-74.077813
Co-op for sale,270000,3,1,275,40.669235,-73.976573
House for sale,675000,4,3,1832,40.867225,-73.857424
Co-op for sale,149000,1,1,750,40.901002,-73.862705
Co-op for sale,299999,2,1,863,40.822441,-73.811042
Co-op for sale,536000,2,2,1200,40.888135,-73.916234
House for sale,799000,3,2,2050,40.609007,-73.930758
Co-op for sale,165000,1,1,625,40.834499,-73.860525
Condo for sale,595000,3,1,721,40.763031,-73.949236
House for sale,699999,5,2,2218,40.860201,-73.865315
House for sale,899000,4,2,1672,40.711495,-73.815221
House for sale,549000,3,2,1152,40.614469,-74.159239
House for sale,768000,5,2,1870,40.632915,-74.132873
House for sale,949000,4,2,2476,40.60061,-74.167186
Multi-family home for sale,849000,8,3,4428,40.875133,-73.86876
Multi-family home for sale,750000,1,1,630,40.803213,-73.964808
House for sale,638000,3,2,1728,40.814845,-73.815956
Co-op for sale,239000,1,1,801,40.757799,-73.715956
Co-op for sale,349000,2,1,800,40.669964,-73.942802
Condo for sale,215000,2,1,789,40.839634,-73.856377
Condo for sale,215000,2,1,789,40.839634,-73.856377
Co-op for sale,349000,2,1,800,40.669964,-73.942802
House for sale,850000,3,2,1152,40.590346,-74.163092
Condo for sale,749000,1,2,879,40.775568,-73.903211
Townhouse for sale,549999,3,2,1677,40.628077,-74.157611
Condo for sale,365000,3,2,920,40.815638,-73.824434
Condo for sale,695000,2,2,845,40.688685,-73.94023
Condo for sale,699000,3,2,1779,40.610436,-73.977907
Co-op for sale,165000,3,1,550,40.878087,-73.917051
Condo for sale,779000,1,1,517,40.783511,-73.977678
House for sale,285000,3,2,1536,40.642311,-74.094333
Condo for sale,199999,1,1,750,40.655858,-73.937783
Condo for sale,569000,1,1,490,40.757626,-73.82311
Co-op for sale,183000,1,1,831,40.855257,-73.86938
Condo for sale,650000,3,1,1632,40.577069,-74.161888
Multi-family home for sale,785000,7,3,3388,40.842328,-73.871023
Condo for sale,435000,1,1,661,40.719818,-73.84124
Condo for sale,799000,2,2,922,40.813892,-73.947667
Co-op for sale,205000,1,1,1000,40.885008,-73.907002
House for sale,897000,3,2,1664,40.613769,-73.941665
Co-op for sale,575000,3,2,1350,40.731342,-73.848907
Condo for sale,798000,2,2,1190,40.788588,-73.787246
House for sale,475000,5,2,1790,40.81029,-73.857367
Condo for sale,399000,1,1,616,40.730136,-73.871999
House for sale,780000,3,3,1344,40.689142,-73.851019
Condo for sale,450000,1,1,776,40.640366,-74.073757
House for sale,765000,3,4,1888,40.631163,-74.142203
Co-op for sale,399000,3,2,1492,40.78127,-73.78434
House for sale,948000,4,2,1492,40.609,-74.008104
Condo for sale,550000,1,1,720,40.739219,-73.874525
Co-op for sale,549999,3,1,1020,40.75179,-73.88467
Multi-family home for sale,799000,6,4,2200,40.598207,-73.791176
Condo for sale,290900,2,1,850,40.905841,-73.898183
Condo for sale,474900,2,2,1054,40.884744,-73.913248
Condo for sale,480000,1,1,506,40.609879,-73.953685
House for sale,635000,3,2,1200,40.632216,-73.894288
Condo for sale,318000,1,1,638,40.569878,-74.122436
Multi-family home for sale,875000,4,2,2034,40.866471,-73.845984
Multi-family home for sale,739900,4,2,2000,40.606658,-74.163929
Condo for sale,275000,2,2,969,40.628058,-73.91711
Co-op for sale,435000,2,1,925,40.723254,-73.857617
Co-op for sale,220000,2,1,922,40.875811,-73.876593
Co-op for sale,135000,1,1,792,40.60308,-73.74755
Co-op for sale,468000,2,1,1200,40.74559,-73.87789
Co-op for sale,318000,1,1,748,40.760495,-73.781588
Condo for sale,649000,2,1,705,40.771533,-73.927381
House for sale,799000,3,2,1816,40.555769,-74.132736
Condo for sale,504000,3,2,1004,40.868816,-73.835615
Multi-family home for sale,949000,7,3,2745,40.81362,-73.863328
Co-op for sale,319999,1,1,660,40.607701,-73.958782
Condo for sale,999000,3,2,1301,40.611653,-73.978693
Co-op for sale,475000,1,1,950,40.75054,-73.88851
House for sale,479900,3,2,1088,40.656748,-73.880256
Condo for sale,615000,2,4,1568,40.577069,-74.161888
House for sale,659000,3,2,1468,40.499798,-74.241166
Co-op for sale,249000,2,1,900,40.903513,-73.900204
Co-op for sale,295000,1,2,980,40.757799,-73.715956
Co-op for sale,289000,1,1,750,40.576432,-73.964361
Co-op for sale,187000,4,1,1076,40.822427,-73.89004
Co-op for sale,689000,3,2,1500,40.756392,-73.907136
House for sale,889000,3,2,2052,40.531257,-74.157737
Co-op for sale,260000,1,1,800,40.589225,-73.94999
Condo for sale,749000,1,2,908,40.719001,-73.836503
Condo for sale,700000,3,2,1245,40.886134,-73.90767
Condo for sale,297000,3,1,600,40.575628,-73.966783
Co-op for sale,455000,1,1,725,40.776032,-73.948792
Co-op for sale,475000,2,2,1150,40.579418,-73.970908
Co-op for sale,259000,1,1,625,40.614733,-74.033781
Townhouse for sale,899000,4,3,1960,40.727846,-73.720774
Co-op for sale,345000,3,2,1100,40.908552,-73.896916
House for sale,669000,3,2,2191,40.613624,-74.130534
Co-op for sale,599000,2,2,1350,40.786816,-73.955752
Condo for sale,479900,1,1,550,40.793409,-73.940783
Co-op for sale,188000,3,1,300,40.632771,-74.022251
Condo for sale,479900,1,1,550,40.793409,-73.940783
House for sale,739999,4,2,1976,40.60214,-74.071315
Condo for sale,875000,2,2,1050,40.616554,-74.024429
House for sale,499000,3,2,1786,40.617853,-74.075886
House for sale,855000,3,2,1383,40.57254,-74.100757
Co-op for sale,525000,2,1,1300,40.575194,-73.966998
Condo for sale,715000,2,2,1021,40.584606,-73.942605
Co-op for sale,599000,1,1,755,40.76431,-73.99133
House for sale,749000,4,3,2013,40.610975,-74.071021
House for sale,590000,3,1,1360,40.864258,-73.841481
House for sale,868000,3,2,1452,40.75928,-73.793953
House for sale,270000,3,2,1158,40.8839,-73.864167
House for sale,765000,3,2,2500,40.836502,-73.891961
House for sale,588000,3,1,1080,40.588725,-73.920849
Multi-family home for sale,805000,6,2,2042,40.852711,-73.911601
House for sale,929000,3,2,1309,40.617429,-73.961513
House for sale,649000,3,2,1152,40.544553,-74.159323
Co-op for sale,439900,2,1,1000,40.731896,-73.859965
House for sale,459999,1,1,640,40.842637,-73.816875
Co-op for sale,650000,2,2,1200,40.72165,-73.84119
Co-op for sale,589000,2,2,1100,40.61201,-74.034581
House for sale,515000,3,1,882,40.684282,-73.727858
Multi-family home for sale,750000,2,3,1530,40.613288,-74.128148
Multi-family home for sale,900000,5,3,2487,40.853323,-73.917175
Co-op for sale,239000,3,1,450,40.614166,-74.035383
Condo for sale,299900,1,1,525,40.880825,-73.917309
Co-op for sale,439999,1,2,1215,40.756476,-73.721201
House for sale,899000,4,2,1224,40.598534,-74.127001
Co-op for sale,234900,1,1,753,40.757799,-73.715956
Co-op for sale,525000,2,1,1000,40.639376,-74.035291
Co-op for sale,305000,2,1,600,40.776712,-73.907764
Condo for sale,750000,1,1,943,40.687025,-74.000495
House for sale,599000,3,2,1052,40.875021,-73.854737
Co-op for sale,175000,1,1,800,40.598047,-73.935432
House for sale,999000,4,4,3570,40.589866,-74.15159
House for sale,849999,2,2,1365,40.562056,-74.105254
Co-op for sale,136999,1,1,750,40.853382,-73.865155
Condo for sale,699000,2,2,1320,40.578038,-73.836668
Co-op for sale,825000,1,1,750,40.746806,-73.979748
Condo for sale,408000,1,1,787,40.585628,-73.987985
Condo for sale,559000,1,1,830,40.57955,-73.96587
Co-op for sale,379000,2,1,1000,40.621168,-73.955958
Co-op for sale,815000,1,1,630,40.740038,-73.987668
Co-op for sale,599000,2,2,1200,40.61869,-74.032363
Co-op for sale,280000,2,2,975,40.865131,-73.906801
Multi-family home for sale,875000,9,6,5712,40.648807,-73.929392
House for sale,594900,3,2,1224,40.63818,-73.907153
Co-op for sale,309000,1,2,1074,40.757797,-73.71596
House for sale,554900,3,2,1890,40.884929,-73.86131
Condo for sale,399000,1,1,561,40.583957,-73.942085
Condo for sale,675000,2,2,904,40.732471,-73.86708
Condo for sale,164999,3,1,400,40.644912,-74.078739
Co-op for sale,715000,3,1,983,40.732933,-73.985865
House for sale,949900,4,2,1680,40.621756,-74.141315
House for sale,949900,4,2,1680,40.621756,-74.141315
Townhouse for sale,849000,3,2,1296,40.714992,-73.877528
Co-op for sale,560000,1,1,700,40.746765,-73.976998
Co-op for sale,255000,1,1,650,40.72915,-73.84944
House for sale,799999,3,4,2337,40.513375,-74.202668
Condo for sale,198000,1,1,1000,40.618948,-74.107158
House for sale,485000,2,1,560,40.585215,-73.937245
House for sale,589000,2,2,1808,40.538384,-74.143309
Co-op for sale,259000,3,1,250,40.750236,-73.970757
Co-op for sale,219000,3,1,550,40.621071,-73.969227
Condo for sale,699000,2,2,1519,40.816336,-73.943445
Co-op for sale,425000,3,2,1300,40.737923,-73.847072
Co-op for sale,279999,1,1,790,40.58444,-73.931612
Condo for sale,980000,3,3,1574,40.605067,-73.977625
Co-op for sale,250000,1,2,740,40.91273,-73.902225
Co-op for sale,309000,1,1,850,40.72915,-73.84944
Condo for sale,950000,3,2,1401,40.605067,-73.977625
Co-op for sale,529000,2,2,1200,40.743883,-73.887387
Townhouse for sale,478888,2,2,1159,40.587231,-74.16413
House for sale,728000,2,1,1440,40.773157,-73.802759
Co-op for sale,199900,3,1,550,40.72915,-73.84944
Co-op for sale,399990,2,1,1000,40.721357,-73.841401
Multi-family home for sale,850000,3,3,2646,40.578695,-73.962651
Co-op for sale,215000,3,1,625,40.731842,-73.857482
Co-op for sale,199900,3,1,550,40.72915,-73.84944
Co-op for sale,130000,1,1,720,40.852726,-73.867037
Condo for sale,690000,2,2,942,40.608802,-73.98057
Co-op for sale,185000,2,1,854,40.597724,-73.935218
Multi-family home for sale,928888,4,2,1480,40.787297,-73.848086
Condo for sale,780000,2,2,955,40.756558,-73.831704
Co-op for sale,599000,2,1,1100,40.748758,-73.978279
Condo for sale,639999,3,2,1180,40.887421,-73.903418
House for sale,749000,3,2,1600,40.544867,-74.159159
House for sale,620000,3,2,1400,40.846435,-73.83583
Co-op for sale,339000,2,1,822,40.822497,-73.81109
House for sale,938000,3,2,1836,40.772306,-73.889605
House for sale,919000,6,3,5400,40.641094,-73.949093
Co-op for sale,425000,3,2,1150,40.895291,-73.908931
Co-op for sale,799000,2,2,1000,40.749029,-73.971996
Co-op for sale,475000,1,1,750,40.693958,-73.99437
Co-op for sale,325000,3,1,1200,40.590397,-73.935927
Co-op for sale,220000,1,1,750,40.755448,-73.73196
Multi-family home for sale,949000,7,6,3733,40.828299,-73.91272
House for sale,649000,3,3,1456,40.597298,-74.134727
House for sale,995000,2,2,800,40.603454,-73.975668
House for sale,649000,3,3,1456,40.597298,-74.134727
House for sale,995000,2,2,800,40.603454,-73.975668
House for sale,499000,2,2,1146,40.895515,-73.851075
Co-op for sale,349000,2,1,800,40.58444,-73.931612
House for sale,160000,2,1,900,40.628176,-74.179723
Condo for sale,370000,3,1,462,40.609637,-73.954415
Co-op for sale,600000,1,1,715,40.804369,-73.964408
Co-op for sale,329999,2,1,950,40.821421,-73.875979
Co-op for sale,390000,2,1,1100,40.715565,-73.831115
Co-op for sale,239000,1,1,700,40.578254,-73.953479
Co-op for sale,839000,3,2,1120,40.850106,-73.938786
Co-op for sale,379000,2,1,900,40.728276,-73.820885
Multi-family home for sale,365000,4,3,1600,40.635289,-74.090616
Condo for sale,950000,2,2,1025,40.766913,-73.934289
Condo for sale,209000,1,1,658,40.8391,-73.856669
Co-op for sale,429000,2,1,850,40.617623,-74.038637
House for sale,699000,3,3,2835,40.632481,-73.930678
Condo for sale,450000,1,1,724,40.610069,-73.953748
House for sale,649000,3,2,1257,40.649922,-73.945373
House for sale,699000,3,3,2835,40.632481,-73.930678
House for sale,399888,3,4,1613,40.886589,-73.858504
Co-op for sale,650000,2,1,1060,40.851162,-73.940847
Co-op for sale,299000,1,1,850,40.731332,-73.828467
Co-op for sale,449000,1,2,1213,40.756476,-73.721201
Co-op for sale,499000,2,1,900,40.627337,-74.026202
House for sale,699000,3,2,1700,40.545028,-74.218133
Condo for sale,625000,4,2,1268,40.663477,-73.936924
Multi-family home for sale,949000,4,2,1600,40.645235,-73.956937
Condo for sale,625000,4,2,1268,40.663477,-73.936924
Co-op for sale,525000,3,1,322,40.78367,-73.970927
Multi-family home for sale,899999,4,2,2194,40.61722,-74.132067
House for sale,925000,2,2,1077,40.676481,-73.944673
Co-op for sale,279000,1,1,600,40.622057,-74.020051
Condo for sale,560000,3,1,622,40.642383,-74.002033
House for sale,999000,3,2,1260,40.579249,-73.847087
House for sale,948888,3,1,950,40.578696,-73.938485
Condo for sale,735000,2,2,832,40.685077,-73.910735
Co-op for sale,295000,2,1,613,40.823352,-73.951573
Co-op for sale,625000,1,1,650,40.739522,-73.980231
Condo for sale,399000,3,1,391,40.766824,-73.923973
Co-op for sale,149999,1,1,694,40.904998,-73.906572
Condo for sale,650000,3,1,550,40.793559,-73.965601
Co-op for sale,399000,2,1,1090,40.74559,-73.87789
Co-op for sale,299000,3,1,394,40.757176,-73.965676
Condo for sale,239500,1,1,864,40.641437,-74.080225
Co-op for sale,235000,1,1,850,40.885838,-73.908859
House for sale,629000,3,3,1280,40.608696,-74.085947
House for sale,380000,3,2,600,40.678941,-73.871298
Townhouse for sale,530000,3,2,1280,40.615566,-74.080285
Condo for sale,990000,1,1,791,40.780472,-73.987143
Condo for sale,990000,1,1,791,40.780472,-73.987143
Condo for sale,350000,1,1,738,40.578183,-74.162687
Co-op for sale,245000,3,1,713,40.737923,-73.847072
Co-op for sale,189900,1,1,600,40.594138,-73.963948
Multi-family home for sale,999000,5,4,1980,40.823289,-73.816944
Co-op for sale,229000,1,1,650,40.630829,-74.025017
House for sale,730000,4,3,1648,40.6987,-73.761794
Condo for sale,499000,2,1,825,40.620502,-74.039697
Condo for sale,450000,2,1,1249,40.589495,-73.789635
House for sale,558000,3,2,1108,40.546336,-74.142003
Condo for sale,539000,2,2,821,40.614582,-73.946315
Co-op for sale,99000,1,1,859,40.836662,-73.923959
Co-op for sale,995000,3,2,1300,40.776763,-73.962509
Co-op for sale,345000,2,1,1000,40.587191,-73.984097
House for sale,879000,4,2,2240,40.570809,-74.117917
House for sale,939999,3,2,3096,40.714633,-73.73058
Co-op for sale,500000,3,2,1200,40.732991,-73.858624
Co-op for sale,370000,2,1,800,40.603329,-74.016081
Condo for sale,595000,1,1,574,40.808054,-73.942607
Co-op for sale,289000,1,1,520,40.633994,-74.036347
Co-op for sale,585000,3,1,1050,40.751251,-73.881443
House for sale,699000,3,2,1538,40.605961,-74.16448
Condo for sale,340000,1,1,850,40.577769,-73.971987
Co-op for sale,199999,1,1,550,40.607962,-73.954943
Co-op for sale,799000,2,2,1043,40.698571,-73.988191
House for sale,888888,4,3,2088,40.546995,-74.141376
Co-op for sale,599000,1,1,800,40.714282,-73.979218
House for sale,628000,3,2,960,40.588304,-74.092876
Condo for sale,593000,2,2,1312,40.615185,-74.064636
Condo for sale,499900,2,2,960,40.574187,-74.096019
Condo for sale,540000,3,1,509,40.747849,-73.97759
Co-op for sale,299000,1,1,800,40.736516,-73.868796
Multi-family home for sale,850000,6,3,2230,40.876098,-73.902119
Multi-family home for sale,899000,4,3,1892,40.634461,-73.904233
Condo for sale,579000,2,2,750,40.75467,-73.821996
House for sale,585000,3,2,1008,40.63023,-74.142966
House for sale,599000,3,2,780,40.588054,-74.085878
House for sale,779000,4,2,2188,40.644505,-74.081897
Co-op for sale,564900,1,1,769,40.697478,-73.988335
Multi-family home for sale,685000,4,2,2000,40.819451,-73.900179
Co-op for sale,279999,2,1,666,40.58444,-73.931612
Condo for sale,520000,2,1,741,40.853674,-73.934728
House for sale,599900,3,2,1248,40.592226,-74.150832
Multi-family home for sale,885000,6,5,2680,40.823678,-73.870522
Co-op for sale,258000,1,1,650,40.575999,-73.960785
Condo for sale,700000,2,2,1124,40.794226,-73.795068
Condo for sale,500000,1,1,720,40.798388,-73.937888
House for sale,695000,3,2,1926,40.671364,-73.867348
Co-op for sale,375000,1,1,1185,40.638118,-74.073964
Co-op for sale,389888,1,1,730,40.747956,-73.892949
Co-op for sale,285000,1,1,900,40.581106,-73.966749
Condo for sale,674999,3,1,1299,40.640366,-74.073757
House for sale,759000,3,2,1260,40.618435,-73.911342
Condo for sale,995000,2,2,1030,40.665551,-73.992217
Co-op for sale,239000,1,1,800,40.880985,-73.910233
House for sale,868000,3,2,1484,40.58024,-74.101812
House for sale,749000,3,2,1800,40.610565,-74.123799
Multi-family home for sale,775000,5,2,1600,40.816662,-73.813945
Condo for sale,700000,1,2,900,40.821158,-73.944548
Multi-family home for sale,775000,5,2,1600,40.816662,-73.813945
House for sale,749000,3,2,1800,40.610565,-74.123799
Condo for sale,450000,3,1,494,40.646643,-74.011966
Co-op for sale,779000,1,1,800,40.792004,-73.976782
House for sale,509000,3,1,1100,40.818143,-73.810545
Condo for sale,499000,1,1,845,40.611469,-73.954103
Condo for sale,395000,1,1,519,40.726762,-73.829461
Multi-family home for sale,760000,4,2,1490,40.610016,-74.075473
House for sale,988000,4,3,1552,40.726478,-73.809351
Condo for sale,528000,2,1,753,40.726762,-73.829461
Condo for sale,420000,2,1,840,40.594561,-74.159664
Co-op for sale,268000,1,1,850,40.774198,-73.825668
House for sale,729999,3,2,1056,40.676243,-73.794518
House for sale,848000,3,3,1080,40.618024,-73.997109
Co-op for sale,213000,3,1,430,40.633991,-73.968907
Multi-family home for sale,795000,3,2,1725,40.678165,-73.918508
Co-op for sale,649000,2,2,1500,40.756834,-73.715194
Co-op for sale,439000,2,1,900,40.787747,-73.781071
Multi-family home for sale,989000,8,5,3252,40.885044,-73.8563
Co-op for sale,318888,1,1,875,40.736926,-73.857761
Co-op for sale,799000,2,2,1549,40.756834,-73.715194
Co-op for sale,489000,2,1,950,40.620502,-74.039697
Co-op for sale,398000,2,1,900,40.633768,-74.030547
Condo for sale,899999,3,3,1750,40.765481,-73.817873
Condo for sale,899999,3,3,1750,40.765481,-73.817873
Townhouse for sale,595000,1,2,846,40.674963,-73.940184
Condo for sale,330000,1,1,726,40.629934,-74.099924
Co-op for sale,345000,2,1,1000,40.881927,-73.917282
Condo for sale,999000,2,2,1187,40.756,-73.8293
Co-op for sale,135000,2,1,750,40.822427,-73.89004
Condo for sale,261250,2,1,857,40.824597,-73.88984
Condo for sale,728000,3,2,1450,40.743679,-73.89832
Co-op for sale,600000,2,2,900,40.853591,-73.93596
Condo for sale,569000,1,1,739,40.604365,-73.975749
Co-op for sale,300000,3,1,600,40.63727,-73.971295
House for sale,599000,3,2,1120,40.586375,-74.14706
Co-op for sale,825000,1,2,1100,40.776667,-73.943927
Townhouse for sale,868000,2,2,1152,40.72592,-73.88143
Multi-family home for sale,749900,5,2,1400,40.675466,-73.878074
Multi-family home for sale,799000,6,4,2310,40.897885,-73.85622
Co-op for sale,959000,3,4,1993,40.756476,-73.721201
Multi-family home for sale,888000,5,3,2980,40.648428,-73.916678
House for sale,725000,2,2,988,40.582176,-74.107869
Condo for sale,744000,2,1,890,40.759263,-73.925741
Co-op for sale,189000,2,1,800,40.852236,-73.865501
Multi-family home for sale,769000,7,2,2100,40.621962,-74.083285
House for sale,648998,3,2,1296,40.861167,-73.846719
Co-op for sale,395250,1,1,650,40.76425,-73.92761
House for sale,539000,3,2,972,40.610442,-74.062852
Co-op for sale,297000,1,1,800,40.73228,-73.85181
Co-op for sale,244900,1,1,518,40.751118,-73.71601
Condo for sale,780000,2,2,825,40.62886,-73.970491
Co-op for sale,750000,2,2,1193,40.882562,-73.921274
Co-op for sale,270000,2,1,700,40.77519,-73.909002
Condo for sale,628000,3,2,900,40.737693,-73.880355
Townhouse for sale,588000,2,2,2000,40.590456,-74.152106
Condo for sale,285000,2,1,835,40.839619,-73.858755
Condo for sale,595000,3,1,915,40.694408,-73.95959
Condo for sale,899000,2,2,1697,40.640366,-74.073757
Co-op for sale,185000,1,1,850,40.878992,-73.902091
Co-op for sale,359000,2,1,950,40.77333,-73.827467
House for sale,988000,3,1,1296,40.754009,-73.81892
Multi-family home for sale,965000,5,3,3520,40.824702,-73.876607
Condo for sale,525000,3,2,1185,40.807969,-73.854213
Co-op for sale,250000,1,1,800,40.61807,-73.969974
Co-op for sale,350000,3,2,1100,40.629704,-73.925595
House for sale,850000,3,2,1090,40.595295,-74.103969
House for sale,640000,3,2,1110,40.542861,-74.154978
Co-op for sale,329000,1,1,764,40.614166,-74.035383
Multi-family home for sale,750000,4,2,2340,40.895949,-73.85177
House for sale,899888,4,2,2185,40.621595,-74.140443
Co-op for sale,379000,2,1,900,40.719466,-73.818306
Multi-family home for sale,879000,4,2,1824,40.545299,-74.149251
Co-op for sale,389000,1,1,900,40.742772,-73.879671
Multi-family home for sale,850000,3,2,2194,40.846739,-73.818955
Co-op for sale,269000,1,1,625,40.632218,-74.03219
House for sale,589000,3,2,1120,40.66976,-73.869231
Co-op for sale,239000,1,1,700,40.607378,-73.960183
Condo for sale,1000000,1,1,773,40.75746,-73.979359
House for sale,798000,3,2,760,40.739256,-73.852305
Condo for sale,555000,1,1,649,40.720651,-73.808539
Co-op for sale,749900,3,1,830,40.798921,-73.961553
Condo for sale,948888,2,2,950,40.616322,-74.037494
House for sale,475000,3,2,1280,40.903489,-73.843596
Condo for sale,750000,1,1,654,40.708157,-73.944452
Condo for sale,713000,2,2,1040,40.585513,-73.988398
Co-op for sale,199000,3,1,650,40.644984,-73.973836
Co-op for sale,649000,1,2,1000,40.755627,-73.961469
Multi-family home for sale,765000,4,2,1152,40.88473,-73.856359
Condo for sale,599000,2,2,705,40.74945,-73.877868
Multi-family home for sale,949000,8,3,3500,40.644528,-74.091396
Condo for sale,729000,2,2,950,40.76501,-73.816776
Co-op for sale,397000,2,1,1000,40.738175,-73.878525
Townhouse for sale,950000,2,1,1800,40.659453,-73.997591
Co-op for sale,599000,1,1,780,40.623075,-74.040347
Condo for sale,699000,2,2,1030,40.762756,-73.81687
Co-op for sale,265000,3,1,650,40.575733,-73.967934
Multi-family home for sale,859000,6,4,2820,40.850067,-73.885658
Multi-family home for sale,990000,8,4,3120,40.818241,-73.886307
House for sale,314000,2,1,847,40.639683,-74.165275
Co-op for sale,169900,2,1,900,40.836352,-73.865036
Co-op for sale,385000,2,1,920,40.732538,-73.860152
Co-op for sale,250000,1,1,750,40.598676,-73.932547
Condo for sale,875000,2,1,922,40.696598,-73.907174
Condo for sale,485000,1,1,575,40.724533,-73.869688
Co-op for sale,230000,2,1,800,40.911772,-73.902439
Condo for sale,465000,2,2,708,40.751122,-73.861449
Co-op for sale,278000,1,1,750,40.730635,-73.827682
Multi-family home for sale,779000,3,2,1540,40.594935,-73.934777
House for sale,640000,3,2,1224,40.872907,-73.859664
Co-op for sale,449000,2,2,1200,40.781263,-73.774567
House for sale,599900,3,2,1204,40.546607,-74.140684
House for sale,739000,2,2,1473,40.62418,-73.937567
Condo for sale,548000,1,1,950,40.762671,-73.819139
Condo for sale,950000,1,1,560,40.756432,-73.966091
Co-op for sale,449000,2,1,764,40.752686,-73.716667
Multi-family home for sale,938000,5,3,1890,40.606567,-73.941344
House for sale,690000,2,2,1500,40.634225,-73.926832
Co-op for sale,300000,2,1,800,40.586022,-73.966836
Condo for sale,425000,1,1,603,40.636006,-73.971649
Co-op for sale,268000,1,1,660,40.773967,-73.827786
Condo for sale,660000,2,2,970,40.737693,-73.880355
House for sale,465000,2,2,1048,40.563637,-74.100965
Co-op for sale,349000,1,1,652,40.625996,-74.032307
Condo for sale,425000,1,1,603,40.636006,-73.971649
House for sale,750000,3,2,1868,40.635928,-73.940976
House for sale,699900,3,2,1420,40.598699,-74.13183
Co-op for sale,519000,2,2,1079,40.72032,-73.84052
House for sale,635000,4,2,1684,40.530787,-74.221796
Co-op for sale,199000,1,1,600,40.708555,-73.827995
Co-op for sale,550000,2,2,1012,40.798629,-73.93511
Multi-family home for sale,799000,4,2,1716,40.577846,-73.967093
House for sale,699000,3,3,1280,40.587773,-73.925304
House for sale,900000,3,2,1248,40.598171,-74.07327
Condo for sale,269000,3,1,485,40.590145,-73.949989
Townhouse for sale,548000,2,2,1354,40.564608,-74.184535
Condo for sale,799000,5,2,1500,40.640943,-73.995353
Co-op for sale,385000,1,1,779,40.583458,-73.952267
Condo for sale,539000,2,1,708,40.633546,-74.026645
House for sale,625000,3,2,1944,40.821654,-73.84657
House for sale,728888,4,3,1379,40.676714,-73.74928
Multi-family home for sale,675000,3,2,1750,40.826659,-73.824848
House for sale,550000,3,2,1221,40.653784,-73.828606
Multi-family home for sale,906300,8,4,3116,40.668499,-73.881026
Condo for sale,898000,1,2,1340,40.69284,-73.913191
House for sale,499000,5,2,1236,40.879318,-73.861352
Condo for sale,594900,2,1,729,40.661223,-73.952537
Condo for sale,639000,2,2,800,40.76039,-73.819491
Condo for sale,349000,3,1,500,40.778411,-73.781048
House for sale,774900,3,2,1335,40.60588,-74.068179
Multi-family home for sale,988000,3,2,3061,40.583823,-74.15682
House for sale,680000,3,2,1296,40.638116,-73.921848
Condo for sale,560000,2,2,1008,40.638148,-74.075633
Condo for sale,699900,3,1,558,40.750279,-73.979524
Condo for sale,699900,3,1,558,40.750279,-73.979524
Co-op for sale,600000,3,2,1000,40.805288,-73.947817
Co-op for sale,259900,2,1,850,40.878977,-73.916004
Co-op for sale,399000,1,1,750,40.614285,-74.031573
House for sale,599000,3,2,1196,40.617589,-74.077584
Multi-family home for sale,778000,4,3,1300,40.535827,-74.22265
Condo for sale,550000,1,1,721,40.753901,-73.826151
Condo for sale,888000,2,2,1146,40.62759,-74.00162
House for sale,849000,3,2,2256,40.551836,-74.148333
Co-op for sale,185000,3,1,500,40.895291,-73.908931
Co-op for sale,349000,2,1,800,40.666273,-73.845713
Co-op for sale,575000,1,1,850,40.763077,-73.9685
Co-op for sale,239000,1,1,750,40.883683,-73.914442
Multi-family home for sale,979000,5,2,2392,40.820106,-73.887733
Condo for sale,599999,2,1,932,40.682268,-73.917831
Condo for sale,699000,3,2,1290,40.740218,-73.88445
House for sale,649000,3,2,1188,40.610384,-73.910535
Condo for sale,590000,3,1,579,40.79421,-73.963673
Condo for sale,838000,3,2,706,40.711893,-73.994095
Co-op for sale,339000,1,1,910,40.724424,-73.851108
Co-op for sale,289000,1,1,750,40.712978,-73.834597
House for sale,850000,2,2,1122,40.617256,-73.998923
Condo for sale,995000,3,2,1175,40.817538,-73.94614
House for sale,880000,2,2,1120,40.610488,-73.955347
Condo for sale,330000,3,2,1067,40.82038,-73.910937
Multi-family home for sale,789000,3,4,1900,40.536474,-74.238945
Co-op for sale,288000,1,1,800,40.602893,-74.009385
House for sale,589000,3,2,1320,40.590516,-73.923376
Co-op for sale,380000,2,1,850,40.604178,-73.960309
Townhouse for sale,939000,3,2,1728,40.7224,-73.881888
Condo for sale,665000,2,1,1120,40.751915,-73.886129
Condo for sale,899000,1,2,1151,40.676429,-74.013234
Townhouse for sale,399985,2,1,1148,40.657021,-73.90722
Condo for sale,625000,3,1,458,40.728203,-73.950475
Co-op for sale,419000,2,1,1000,40.579418,-73.970908
Co-op for sale,448000,1,1,750,40.649264,-73.98034
House for sale,549990,3,2,1782,40.841159,-73.826515
Condo for sale,299000,1,1,671,40.822519,-73.911779
Co-op for sale,420000,3,2,1200,40.736728,-73.858677
Condo for sale,975000,2,1,1164,40.706184,-74.01561
Co-op for sale,450500,2,1,1200,40.79415,-73.79959
Condo for sale,469000,2,1,780,40.751236,-73.861038
Condo for sale,285000,1,1,613,40.61096,-74.060351
Condo for sale,489000,2,2,1100,40.628058,-73.91711
Multi-family home for sale,999999,8,2,3023,40.635085,-73.940827
Co-op for sale,180000,3,1,500,40.75257,-73.87724
House for sale,799000,3,2,1000,40.59072,-73.956552
Condo for sale,698000,1,1,721,40.714843,-73.993439
Condo for sale,558000,2,1,747,40.7678,-73.890021
House for sale,769000,2,2,992,40.781062,-73.814486
Co-op for sale,329000,1,1,850,40.579232,-73.971325
Co-op for sale,275000,1,1,650,40.807254,-73.949107
Co-op for sale,438000,1,1,900,40.760794,-73.825877
Condo for sale,568000,1,1,680,40.733048,-73.861218
House for sale,989000,4,3,1305,40.743303,-73.70395
Co-op for sale,499000,3,2,1266,40.737923,-73.847072
House for sale,580880,4,2,1504,40.649219,-73.933307
Co-op for sale,460000,1,1,950,40.632337,-74.030104
Condo for sale,845000,1,1,692,40.771604,-73.949419
House for sale,729000,3,2,1854,40.574962,-73.99828
Co-op for sale,565000,4,1,1024,40.807789,-73.938228
House for sale,875000,2,1,1050,40.594917,-73.977985
Co-op for sale,248000,1,1,800,40.774198,-73.825668
House for sale,549000,2,2,1148,40.665899,-73.91241
Condo for sale,249999,1,1,596,40.629934,-74.099924
House for sale,699900,3,4,2160,40.528676,-74.218827
Co-op for sale,219000,1,1,780,40.69818,-73.83976
Co-op for sale,449000,1,2,1130,40.757822,-73.715978
Condo for sale,879000,2,2,1278,40.796296,-73.93341
Co-op for sale,650000,1,1,800,40.773571,-73.948159
Condo for sale,750000,2,2,732,40.699611,-73.930251
Condo for sale,780000,2,2,847,40.720935,-73.808761
Co-op for sale,224995,3,1,550,40.726667,-73.848293
Co-op for sale,239000,1,1,670,40.601046,-73.964361
Co-op for sale,529000,2,2,1200,40.581106,-73.966749
Condo for sale,995000,4,2,1782,40.622605,-74.017696
Condo for sale,875000,3,1,294,40.769482,-73.967633
Condo for sale,820000,1,2,788,40.654168,-73.981259
Co-op for sale,292950,1,1,675,40.751356,-73.881463
Co-op for sale,679000,1,1,700,40.785881,-73.979026
House for sale,998000,3,2,1232,40.602268,-73.961182
Multi-family home for sale,920000,5,3,2640,40.848669,-73.835169
House for sale,798000,4,4,1410,40.607299,-74.159021
Co-op for sale,525000,1,1,715,40.74958,-73.979036
Co-op for sale,599000,1,1,600,40.766285,-73.984334
Condo for sale,695000,2,2,889,40.803781,-73.946246
Condo for sale,650000,1,1,776,40.710028,-74.016853
Co-op for sale,368000,2,1,950,40.771539,-73.830282
Co-op for sale,700000,4,1,1500,40.808177,-73.955936
Co-op for sale,324888,1,1,713,40.733797,-73.862084
Co-op for sale,165000,3,1,400,40.703417,-73.83313
Co-op for sale,130000,3,1,422,40.71025,-73.79985
House for sale,750000,4,3,1806,40.638305,-73.94175
Co-op for sale,860000,3,2,1118,40.822922,-73.942643
Co-op for sale,235000,1,1,675,40.613694,-73.920504
Condo for sale,680000,2,1,640,40.647866,-74.00061
House for sale,849999,4,2,1842,40.627447,-73.961091
Condo for sale,679000,2,2,879,40.634118,-74.020228
Co-op for sale,169999,1,1,750,40.714763,-73.776178
Co-op for sale,304900,1,1,850,40.725411,-73.845336
Condo for sale,600000,1,1,600,40.788198,-73.947385
House for sale,999000,7,4,2000,40.58955,-73.982475
Co-op for sale,279000,2,1,1000,40.586462,-73.941066
Co-op for sale,268000,2,1,950,40.775709,-73.827108
Co-op for sale,140000,3,1,507,40.899214,-73.86241
Co-op for sale,293000,1,1,649,40.75208,-73.88188
Condo for sale,649000,1,1,665,40.811152,-73.945121
Co-op for sale,298888,1,1,700,40.79429,-73.80139
Condo for sale,538000,2,1,1105,40.585752,-73.983531
Co-op for sale,990000,1,1,850,40.761599,-73.975794
Multi-family home for sale,999888,3,4,2016,40.635105,-74.081897
Co-op for sale,99000,1,1,850,40.836662,-73.923959
Condo for sale,570000,3,1,515,40.70977,-74.016282
Co-op for sale,599000,3,1,868,40.784449,-73.980753
Co-op for sale,239000,2,1,950,40.587157,-73.970927
Co-op for sale,349000,2,1,900,40.578179,-73.973331
Multi-family home for sale,829000,9,3,2276,40.83251,-73.894715
Co-op for sale,185000,3,1,400,40.722253,-73.855654
Condo for sale,575000,1,1,1073,40.838714,-73.936992
Co-op for sale,350000,2,1,850,40.848542,-73.930871
Condo for sale,695000,3,2,704,40.682985,-73.965601
House for sale,875000,4,2,1600,40.64407,-73.953905
Co-op for sale,410000,3,1,766,40.815359,-73.937473
Multi-family home for sale,915000,6,5,3096,40.847162,-73.865096
Co-op for sale,995000,2,1,1000,40.776554,-73.98764
Co-op for sale,535000,2,1,1000,40.761696,-73.930494
Co-op for sale,429000,1,1,575,40.692675,-73.96429
Co-op for sale,235000,1,1,800,40.595967,-73.950402
Condo for sale,899000,2,1,1010,40.675638,-73.955524
House for sale,735000,3,2,1600,40.633443,-73.940219
House for sale,735000,3,2,1600,40.633443,-73.940219
Multi-family home for sale,899999,5,3,1440,40.760467,-73.875536
Condo for sale,900000,2,2,951,40.795855,-73.946499
House for sale,629900,3,2,1332,40.594,-74.191062
Co-op for sale,280000,1,1,650,40.616988,-73.986133
Condo for sale,950000,3,1,660,40.764146,-73.990176
Co-op for sale,875000,2,2,1275,40.620695,-74.040271
House for sale,485000,2,2,816,40.839208,-73.853933
Condo for sale,598000,1,1,663,40.753311,-73.831201
Townhouse for sale,889000,2,1,1056,40.735118,-73.853611
Co-op for sale,515000,2,2,1200,40.586645,-73.949452
Multi-family home for sale,980000,11,3,3210,40.844215,-73.879939
House for sale,519999,3,2,1440,40.63966,-74.136268
Co-op for sale,324900,1,1,665,40.870904,-73.915568
Condo for sale,870000,1,1,620,40.768188,-73.984509
Co-op for sale,355000,2,1,1000,40.578206,-73.973315
Co-op for sale,268800,1,1,725,40.608616,-73.976529
Condo for sale,640000,1,1,1022,40.62759,-74.00162
Condo for sale,640000,1,1,1022,40.62759,-74.00162
Co-op for sale,699000,2,2,1400,40.72165,-73.84119
House for sale,659000,3,2,1460,40.611432,-74.066788
Condo for sale,700000,3,1,474,40.725308,-74.005407
Co-op for sale,700000,2,1,900,40.767313,-73.958438
Condo for sale,628000,3,2,1097,40.644989,-74.019615
House for sale,710000,2,2,2250,40.892642,-73.840954
House for sale,790000,4,2,1744,40.631398,-73.936177
Co-op for sale,800000,2,1,900,40.772093,-73.951451
House for sale,699000,3,2,522,40.620065,-73.920376
Co-op for sale,416000,3,1,950,40.763716,-73.816271
Co-op for sale,499000,1,1,800,40.657359,-73.955407
Co-op for sale,140000,3,1,507,40.899214,-73.86241
House for sale,790000,4,2,1744,40.631398,-73.936177
Co-op for sale,229000,3,1,500,40.582265,-73.966662
House for sale,868000,3,2,1690,40.718735,-73.875063
House for sale,699900,5,1,1827,40.691768,-73.854054
House for sale,570000,3,2,1728,40.869166,-73.852026
Co-op for sale,419800,2,1,1000,40.719958,-73.835723
Multi-family home for sale,975000,7,4,1920,40.834527,-73.868668
Co-op for sale,210000,3,1,550,40.73235,-73.861165
House for sale,599900,3,2,1534,40.86976,-73.840861
Condo for sale,888000,3,2,1700,40.622605,-74.017696
House for sale,599000,3,2,1690,40.88047,-73.850305
Co-op for sale,178000,3,1,719,40.737923,-73.847072
Co-op for sale,279900,1,1,850,40.890176,-73.914626
Co-op for sale,935000,2,2,1150,40.785624,-73.950705
Co-op for sale,318000,3,1,450,40.746765,-73.976998
Co-op for sale,315000,2,1,1000,40.890384,-73.911788
Condo for sale,615000,2,1,733,40.765481,-73.817873
Co-op for sale,178000,3,1,719,40.737923,-73.847072
Co-op for sale,279900,1,1,850,40.890176,-73.914626
Co-op for sale,385000,3,1,440,40.76821,-73.984603
Condo for sale,209000,1,1,650,40.620265,-74.109911
Co-op for sale,259000,3,1,590,40.7511,-73.89118
Multi-family home for sale,919000,6,3,1760,40.852907,-73.830339
Co-op for sale,499000,3,2,1200,40.831991,-73.919124
Co-op for sale,359000,2,1,850,40.804259,-73.941527
Condo for sale,771770,2,2,710,40.763958,-73.832597
Condo for sale,645000,3,1,419,40.742452,-73.996531
Condo for sale,771770,2,2,710,40.763958,-73.832597
House for sale,995000,4,3,2000,40.858027,-73.837909
Co-op for sale,750000,3,2,1600,40.781379,-73.95544
Co-op for sale,300000,1,1,800,40.577408,-73.973259
House for sale,675888,3,1,1662,40.551793,-74.144159
Townhouse for sale,860000,3,2,2000,40.631594,-73.937693
House for sale,825000,3,2,1400,40.753708,-73.854247
Townhouse for sale,860000,3,2,2000,40.631594,-73.937693
Co-op for sale,240000,3,1,500,40.722322,-73.849366
House for sale,699000,3,2,2040,40.824734,-73.879455
Co-op for sale,299000,3,1,650,40.753359,-73.825048
Co-op for sale,500000,3,1,450,40.736156,-73.99773
Co-op for sale,298000,1,1,790,40.586022,-73.966836
Condo for sale,748000,2,2,713,40.757626,-73.82311
House for sale,735000,3,2,2350,40.817049,-73.802331
House for sale,399999,2,1,1056,40.630924,-74.121255
House for sale,599000,4,2,1665,40.905212,-73.84817
Condo for sale,510000,2,2,972,40.806756,-73.853097
Condo for sale,825000,2,2,1001,40.824187,-73.939702
Co-op for sale,165000,1,1,750,40.90478,-73.905744
House for sale,874900,3,4,1500,40.589133,-74.146815
Co-op for sale,245000,1,1,863,40.875811,-73.876593
Condo for sale,565000,1,1,804,40.605389,-73.97876
Condo for sale,565000,1,1,804,40.605389,-73.97876
Co-op for sale,165000,1,1,750,40.90478,-73.905744
Co-op for sale,399000,1,1,675,40.858122,-73.932243
Co-op for sale,699000,1,1,700,40.776434,-73.977149
Condo for sale,320000,2,1,802,40.840912,-73.854592
Condo for sale,418000,1,1,684,40.794664,-73.847393
House for sale,339000,2,1,700,40.5633,-74.100401
House for sale,699000,3,1,4000,40.696928,-73.765506
Co-op for sale,205900,1,1,750,40.71193,-73.826361
Co-op for sale,265000,1,1,765,40.61807,-73.969974
House for sale,775000,3,1,1696,40.83774,-73.824147
House for sale,685000,4,2,2269,40.584918,-74.159939
Co-op for sale,699000,1,1,700,40.776434,-73.977149
Condo for sale,445000,3,1,402,40.768016,-73.917451
Co-op for sale,399000,2,1,960,40.579232,-73.971325
Co-op for sale,479000,2,1,1100,40.577809,-73.972829
Condo for sale,599000,1,1,626,40.792058,-73.939335
Condo for sale,420000,1,1,668,40.57831,-73.967093
Co-op for sale,595000,1,1,700,40.754338,-73.964711
Co-op for sale,249000,2,1,1000,40.592664,-73.938874
Co-op for sale,115000,3,1,550,40.871622,-73.882602
Condo for sale,779000,1,1,638,40.742282,-73.978111
Townhouse for sale,925000,3,2,1875,40.731893,-73.80019
House for sale,685000,4,2,2269,40.584918,-74.159939
House for sale,699000,3,2,1008,40.630655,-74.165581
Multi-family home for sale,790000,4,3,1784,40.85102,-73.853394
House for sale,899000,2,2,1056,40.603279,-74.014377
Condo for sale,795000,1,1,860,40.76148,-73.961061
Co-op for sale,275000,1,1,880,40.632963,-73.970927
Multi-family home for sale,775000,6,2,2910,40.850127,-73.866989
House for sale,699000,5,4,1838,40.867728,-73.88496
Co-op for sale,330000,1,1,656,40.784301,-73.776196
House for sale,590000,5,3,1152,40.601933,-73.758716
Multi-family home for sale,775000,6,2,2910,40.850127,-73.866989
Co-op for sale,975000,2,2,1270,40.837033,-73.947795
Co-op for sale,190000,3,1,500,40.71225,-73.78851
Co-op for sale,405000,3,1,550,40.774067,-73.952299
Multi-family home for sale,950000,5,2,1660,40.579287,-73.960344
Condo for sale,800000,3,1,916,40.706711,-74.010457
Condo for sale,359000,2,1,920,40.654871,-73.88477
Condo for sale,760000,1,1,700,40.766298,-73.988199
Multi-family home for sale,675999,3,2,2070,40.897404,-73.842791
Condo for sale,380000,3,1,393,40.618484,-74.000151
Condo for sale,380000,3,1,393,40.618484,-74.000151
Condo for sale,800000,3,1,916,40.706711,-74.010457
Condo for sale,649000,3,2,1150,40.628007,-73.915581
Condo for sale,475000,1,1,739,40.578942,-73.963214
Co-op for sale,579000,3,2,1200,40.734634,-73.860238
Condo for sale,648888,2,2,950,40.718869,-73.811122
Multi-family home for sale,989000,7,5,3978,40.665901,-73.854748
Co-op for sale,154900,1,1,700,40.864656,-73.908215
Condo for sale,399000,1,1,577,40.637359,-74.027222
Condo for sale,589000,3,1,415,40.760241,-73.995433
Co-op for sale,199999,3,1,471,40.72231,-73.84153
Co-op for sale,258000,3,1,500,40.766602,-73.815761
House for sale,685000,3,2,1280,40.549191,-74.166028
Condo for sale,245000,1,1,800,40.618948,-74.107158
Co-op for sale,729000,3,2,1400,40.892469,-73.909115
Multi-family home for sale,779000,3,2,1557,40.849444,-73.851578
Co-op for sale,365000,2,1,925,40.602199,-73.970949
Co-op for sale,473000,2,1,1000,40.578254,-73.953479
Co-op for sale,133000,1,1,630,40.872029,-73.86953
Multi-family home for sale,850000,5,3,3024,40.877022,-73.858561
Multi-family home for sale,995000,6,3,2125,40.589507,-73.985517
Co-op for sale,225000,1,1,900,40.857426,-73.870885
Co-op for sale,345000,1,1,900,40.760602,-73.822266
House for sale,875000,5,2,1974,40.617472,-73.923111
Co-op for sale,649000,1,1,687,40.757111,-73.963078
Condo for sale,659000,2,1,714,40.648631,-73.967438
Co-op for sale,429000,2,1,850,40.634367,-74.031134
House for sale,758800,3,2,1633,40.591079,-74.080106
Condo for sale,780000,3,3,1236,40.767546,-73.831469
Co-op for sale,173000,3,1,500,40.717242,-73.833682
House for sale,995000,4,2,2200,40.614693,-74.09961
House for sale,575000,3,1,1390,40.806916,-73.856207
Co-op for sale,800000,2,1,1200,40.607235,-73.984794
Multi-family home for sale,689900,3,4,2448,40.621019,-74.160271
Co-op for sale,243000,2,1,965,40.864331,-73.907519
Multi-family home for sale,915000,8,3,1896,40.832935,-73.853508
Condo for sale,599888,1,1,826,40.743634,-73.916415
Condo for sale,688000,3,2,982,40.640328,-74.002813
House for sale,950000,3,2,1308,40.870497,-73.901181
Co-op for sale,249000,1,1,750,40.732652,-73.854655
Condo for sale,409000,1,1,559,40.752313,-73.83243
Condo for sale,630000,2,2,750,40.76275,-73.82671
Condo for sale,874000,2,2,915,40.694352,-73.919978
Co-op for sale,175000,1,1,627,40.710157,-73.79885
Co-op for sale,299999,1,1,850,40.72496,-73.84549
Co-op for sale,120000,2,1,1100,40.831061,-73.899836
House for sale,715000,4,2,1866,40.815163,-73.846253
Condo for sale,925000,2,2,1033,40.795855,-73.946499
Multi-family home for sale,750000,5,3,3327,40.895951,-73.859572
Multi-family home for sale,900000,8,5,2028,40.832294,-73.92917
Co-op for sale,245000,1,1,550,40.6339,-74.029997
Condo for sale,695000,2,2,1080,40.575483,-73.974764
Multi-family home for sale,928000,3,4,1640,40.652767,-74.012075
Co-op for sale,199000,1,1,550,40.614409,-73.947967
Co-op for sale,475000,2,1,975,40.59894,-73.993976
Condo for sale,815000,2,2,1000,40.586973,-73.951476
Condo for sale,474000,2,1,750,40.644271,-73.998636
Co-op for sale,590000,2,1,800,40.631168,-73.961009
Condo for sale,695000,2,2,1080,40.575483,-73.974764
Condo for sale,610000,1,1,673,40.708282,-74.018041
House for sale,632000,4,2,1496,40.553386,-74.197402
House for sale,632000,4,2,1496,40.553386,-74.197402
Condo for sale,800000,2,1,850,40.6814,-73.953752
Condo for sale,725000,1,1,696,40.680215,-73.956745
Co-op for sale,349500,1,1,900,40.71574,-73.83672
Condo for sale,550000,3,1,446,40.767091,-73.961629
Co-op for sale,398000,3,1,1000,40.775673,-73.827111
Co-op for sale,329000,2,1,850,40.822362,-73.80725
House for sale,968000,3,2,2845,40.588988,-74.153058
Condo for sale,498000,1,1,785,40.727512,-73.86069
Co-op for sale,280000,1,1,850,40.589514,-73.949742
Condo for sale,385000,2,1,919,40.654359,-73.88379
Co-op for sale,179000,1,1,600,40.638729,-73.949047
Co-op for sale,323000,1,1,800,40.591141,-73.967677
Condo for sale,880000,1,1,713,40.747145,-73.940897
Co-op for sale,450000,2,1,1100,40.595967,-73.950402
Condo for sale,649000,3,2,1770,40.583827,-73.824314
Co-op for sale,265000,2,1,900,40.592004,-73.941035
House for sale,749000,3,2,1400,40.630682,-73.932503
Co-op for sale,398000,3,1,900,40.617177,-73.986447
Condo for sale,680000,2,2,847,40.736711,-73.872209
Condo for sale,799000,2,2,868,40.769679,-73.772159
House for sale,629000,3,2,1575,40.873488,-73.858233
Co-op for sale,925000,3,2,1700,40.76405,-73.964336
Condo for sale,599000,1,1,958,40.74945,-73.877868
Co-op for sale,588888,3,2,1150,40.731896,-73.859965
Condo for sale,650000,2,2,1013,40.887057,-73.908722
House for sale,599999,3,2,1340,40.667749,-73.913448
Co-op for sale,395000,2,1,950,40.909252,-73.905421
Co-op for sale,299000,1,1,700,40.754728,-73.885971
Condo for sale,549000,2,2,1113,40.66879,-73.849494
Condo for sale,499000,1,1,571,40.744078,-73.911899
Co-op for sale,249000,2,1,830,40.587157,-73.970927
Condo for sale,479000,1,2,1096,40.687484,-73.875467
Co-op for sale,275000,1,1,694,40.71025,-73.81917
House for sale,650000,3,2,1110,40.605773,-74.090618
Co-op for sale,749000,2,1,1000,40.768621,-73.954491
Co-op for sale,439000,3,1,475,40.730881,-73.99378
Condo for sale,975000,2,2,930,40.686977,-73.912614
Condo for sale,650000,3,1,1050,40.64924,-73.953482
Condo for sale,460000,1,1,518,40.586976,-73.951444
Co-op for sale,125000,1,1,728,40.85607,-73.868875
Condo for sale,625000,1,1,692,40.816654,-73.947357
Co-op for sale,545000,1,1,1050,40.617623,-74.038637
Condo for sale,599000,1,1,935,40.580146,-73.96051
Co-op for sale,538000,2,2,1200,40.726403,-73.850223
Condo for sale,342990,2,1,900,40.620265,-74.109911
House for sale,939000,3,2,1700,40.608937,-73.940196
House for sale,720000,3,3,2200,40.678227,-73.926787
Co-op for sale,200000,1,1,700,40.629704,-73.925595
Co-op for sale,699000,2,2,1400,40.653512,-73.957139
House for sale,939000,3,2,1700,40.608937,-73.940196
Co-op for sale,559000,3,2,1200,40.906923,-73.906251
Condo for sale,925000,2,2,787,40.707897,-73.910509
Condo for sale,559000,1,1,579,40.691501,-73.915648
Condo for sale,999999,1,2,807,40.705592,-74.017216
Co-op for sale,269000,1,1,700,40.583626,-73.951898
Condo for sale,838000,2,2,1054,40.62759,-74.00162
Co-op for sale,220000,1,1,792,40.66806,-73.8497
Condo for sale,729000,1,1,550,40.760649,-73.966893
Condo for sale,749000,2,2,1258,40.794593,-73.845734
Co-op for sale,250000,1,1,800,40.91273,-73.902225
Multi-family home for sale,680000,3,2,2240,40.619379,-74.075943
Co-op for sale,495000,2,1,900,40.632963,-73.970927
Condo for sale,950000,2,2,1033,40.795855,-73.946499
Co-op for sale,449000,1,2,1074,40.756476,-73.721201
Co-op for sale,325000,1,1,775,40.634777,-74.031653
House for sale,649000,3,2,2000,40.699555,-73.75271
House for sale,849000,3,3,1656,40.635957,-73.894634
Condo for sale,759000,2,2,1230,40.612478,-73.953507
Co-op for sale,249000,2,1,1000,40.592614,-73.93961
Condo for sale,695000,2,1,959,40.789751,-73.948726
Co-op for sale,325000,1,1,775,40.634777,-74.031653
House for sale,649000,3,2,2000,40.699555,-73.75271
Condo for sale,759000,2,2,1230,40.612478,-73.953507
Co-op for sale,750000,1,1,750,40.784029,-73.976713
House for sale,949900,3,2,1940,40.600663,-73.980811
House for sale,599000,3,2,1232,40.633859,-74.152829
House for sale,635000,3,1,500,40.731413,-73.992152
Condo for sale,580000,2,1,667,40.660932,-73.994596
House for sale,619000,2,2,804,40.625038,-74.152221
Condo for sale,375000,1,1,387,40.663708,-73.994963
Condo for sale,935000,1,1,713,40.690983,-73.989926
Multi-family home for sale,604200,5,3,2000,40.670355,-73.876708
Co-op for sale,329000,2,1,950,40.591141,-73.967677
Co-op for sale,595000,2,2,1075,40.748765,-73.883485
Multi-family home for sale,850000,3,2,1696,40.587072,-74.094436
Townhouse for sale,799000,3,2,1184,40.786579,-73.842276
Co-op for sale,639000,3,1,1100,40.758694,-73.904916
Multi-family home for sale,950000,9,7,3316,40.851264,-73.89444
Multi-family home for sale,850000,3,2,1696,40.587072,-74.094436
Condo for sale,720000,2,1,970,40.747237,-73.902111
Condo for sale,760000,1,1,700,40.7636,-73.958352
Co-op for sale,339999,1,1,825,40.740213,-73.886883
Co-op for sale,220000,1,1,900,40.872414,-73.885223
Condo for sale,499000,1,1,750,40.740926,-73.902073
Co-op for sale,445000,3,1,550,40.773547,-73.956157
Co-op for sale,299000,1,1,700,40.75856,-73.87738
Condo for sale,580000,2,2,950,40.744002,-73.835377
Condo for sale,995000,2,2,1015,40.803098,-73.955974
Co-op for sale,217000,1,1,700,40.712688,-73.82825
Condo for sale,468000,1,1,500,40.725653,-73.859614
House for sale,650000,5,2,1951,40.893104,-73.85824
Co-op for sale,450000,1,1,1115,40.71933,-73.838004
House for sale,629000,3,2,1216,40.571871,-74.12762
Co-op for sale,235000,1,1,660,40.881546,-73.908104
House for sale,485000,3,1,525,40.739218,-73.980552
Condo for sale,585000,2,2,988,40.887057,-73.908722
Condo for sale,848880,1,1,713,40.749637,-73.982583
Co-op for sale,268000,1,1,750,40.729553,-73.827208
Co-op for sale,799000,1,1,950,40.741982,-73.980516
Condo for sale,240000,1,1,800,40.618948,-74.107158
Co-op for sale,165000,1,1,750,40.904655,-73.906611
Co-op for sale,765000,1,2,1000,40.761797,-73.976628
Condo for sale,309000,2,1,862,40.838502,-73.86211
Condo for sale,750000,1,1,592,40.712002,-73.945383
Co-op for sale,270000,2,1,700,40.776922,-73.907348
House for sale,499000,3,2,1024,40.57576,-74.094358
Condo for sale,595000,1,1,556,40.686977,-73.912614
Co-op for sale,469900,3,2,1200,40.881927,-73.917282
Co-op for sale,159999,1,1,650,40.841225,-73.92161
House for sale,758000,4,2,1216,40.631852,-73.938209
House for sale,599999,2,2,1048,40.864822,-73.843046
House for sale,620000,3,2,1280,40.683738,-73.79675
House for sale,849000,3,2,1890,40.829252,-73.855841
Co-op for sale,469900,3,2,1200,40.881927,-73.917282
Co-op for sale,259000,1,1,570,40.634367,-74.031134
Co-op for sale,950000,2,1,775,40.749707,-73.985924
Condo for sale,749999,3,3,1602,40.625366,-73.908929
Co-op for sale,639000,3,1,1050,40.749516,-73.88223
Townhouse for sale,499000,3,2,1890,40.630181,-74.122821
Co-op for sale,600000,1,1,750,40.798665,-73.967898
House for sale,489000,7,3,2500,40.900022,-73.855759
Townhouse for sale,499000,3,2,1890,40.630181,-74.122821
Co-op for sale,600000,1,1,750,40.798665,-73.967898
Co-op for sale,319000,1,1,750,40.578179,-73.973331
Co-op for sale,520000,1,1,730,40.768555,-73.952296
Co-op for sale,689000,1,1,1000,40.754867,-73.964448
House for sale,899000,4,2,1400,40.742172,-73.858274
Co-op for sale,232000,1,1,750,40.75837,-73.87924
Multi-family home for sale,849999,4,2,2217,40.640561,-73.933387
Multi-family home for sale,669000,2,1,2675,40.633031,-74.130121
Condo for sale,459000,1,1,548,40.578626,-73.962611
Condo for sale,989000,3,1,930,40.725996,-73.939399
Co-op for sale,309999,1,1,650,40.758906,-73.906446
Condo for sale,600000,1,1,830,40.755354,-73.831927
Co-op for sale,240000,1,1,750,40.731466,-73.852704
Co-op for sale,225000,1,1,622,40.602275,-73.971107
Condo for sale,385000,2,1,910,40.57955,-74.107721
Co-op for sale,599000,1,2,1025,40.775494,-73.946659
Co-op for sale,729888,2,2,1600,40.794423,-73.796598
House for sale,949000,4,2,2172,40.614244,-73.901547
House for sale,650000,3,2,1500,40.565916,-74.127465
House for sale,579999,3,2,1152,40.621983,-74.073006
Co-op for sale,535000,3,2,1350,40.760794,-73.825877
Condo for sale,550000,1,1,712,40.747292,-73.902194
House for sale,840000,3,2,1675,40.861114,-73.843997
House for sale,949000,4,2,2172,40.614244,-73.901547
Condo for sale,725000,2,2,800,40.742771,-73.872752
Co-op for sale,349999,2,1,873,40.58444,-73.931612
Co-op for sale,280000,2,1,1050,40.872414,-73.885223
Condo for sale,595000,2,2,739,40.72843,-73.81141
Condo for sale,705000,1,1,631,40.771526,-73.933747
Townhouse for sale,599999,3,2,1800,40.591685,-74.077822
House for sale,674999,3,2,1310,40.621331,-74.124887
Co-op for sale,329000,1,1,681,40.756476,-73.721201
House for sale,685000,3,2,1100,40.535171,-74.183744
House for sale,589000,3,2,1785,40.808668,-73.857282
Condo for sale,399000,1,1,771,40.733515,-73.815302
Condo for sale,815000,3,2,1039,40.607582,-73.981924
Condo for sale,795000,2,1,759,40.774792,-73.95582
House for sale,970000,4,2,2185,40.677626,-73.808058
Co-op for sale,478000,1,1,750,40.634777,-74.031653
Multi-family home for sale,999000,8,3,3786,40.827391,-73.903137
Condo for sale,460000,3,1,426,40.75301,-73.971295
House for sale,499000,2,1,992,40.896062,-73.844169
Condo for sale,534900,1,1,654,40.586986,-73.943489
Multi-family home for sale,865000,5,3,1720,40.64087,-73.913928
Co-op for sale,495000,2,2,800,40.73652,-73.87008
Co-op for sale,338000,1,1,800,40.728261,-73.852283
Condo for sale,459000,3,1,489,40.752853,-73.823671
Co-op for sale,399000,1,1,681,40.635116,-74.031161
Co-op for sale,625000,2,1,1025,40.750167,-73.892461
Co-op for sale,375000,1,1,920,40.614285,-74.031573
Condo for sale,389990,2,1,886,40.579514,-74.107525
House for sale,700000,4,2,1890,40.885187,-73.854142
Townhouse for sale,499000,3,2,1332,40.616734,-74.157863
Condo for sale,375000,3,1,500,40.778149,-73.782075
Co-op for sale,695000,2,2,1800,40.759577,-73.964779
Multi-family home for sale,715000,4,2,2052,40.889813,-73.83793
House for sale,929888,3,2,1070,40.732592,-73.707766
House for sale,948000,3,2,1368,40.760406,-73.882048
House for sale,634999,4,2,1732,40.902829,-73.852482
Multi-family home for sale,600000,6,2,1634,40.840364,-73.870081
Co-op for sale,750000,2,1,920,40.739806,-73.982438
Condo for sale,849000,2,2,937,40.630568,-73.97131
Condo for sale,995000,1,1,971,40.672524,-73.963122
Co-op for sale,899000,2,1,940,40.769187,-73.95448
Co-op for sale,519000,2,1,1100,40.581327,-73.954165
Co-op for sale,519000,2,1,1100,40.581327,-73.954165
Condo for sale,995000,1,1,971,40.672524,-73.963122
Co-op for sale,659000,1,1,860,40.763077,-73.9685
Condo for sale,490000,1,1,730,40.575536,-73.973591
Co-op for sale,580000,1,1,712,40.769237,-73.958903
Townhouse for sale,465000,3,2,1365,40.638522,-74.164629
Condo for sale,529000,3,1,367,40.705216,-74.008531
House for sale,749000,3,2,1080,40.626642,-74.15104
Condo for sale,654250,2,1,702,40.742771,-73.872752
Condo for sale,995000,1,1,971,40.672524,-73.963122
Co-op for sale,899000,2,1,940,40.769187,-73.95448
Co-op for sale,740000,2,2,800,40.788708,-73.970009
Condo for sale,654250,2,1,702,40.742771,-73.872752
Co-op for sale,275000,2,1,815,40.82487,-73.922983
House for sale,975000,3,2,1400,40.585666,-73.947245
Co-op for sale,279000,1,1,800,40.7152,-73.83611
Co-op for sale,189000,3,1,300,40.632771,-74.022251
Condo for sale,550000,2,2,721,40.730136,-73.871999
House for sale,825900,3,2,1923,40.594143,-74.165867
Co-op for sale,370000,1,1,680,40.674716,-73.944828
House for sale,569000,2,1,840,40.665689,-73.877318
House for sale,799000,3,2,1989,40.65926,-73.926774
Condo for sale,499000,3,1,472,40.800382,-73.953136
Condo for sale,945000,2,2,903,40.816711,-73.94205
Condo for sale,598125,2,1,655,40.742771,-73.872752
Co-op for sale,349000,1,1,750,40.579147,-73.970949
